,Unnamed: 0,ZIPファイル名,出力年月日・時刻,地番区域,地番,地番区域（筆界未定地構成地番）,地番（筆界未定地構成地番）,address,latitude,longitude
0,93332,38206-5003-121.zip,202302131028,西条市西田,甲19-6,,,西条市西田甲19-6,33.893552,133.15716
1,93333,38206-5003-121.zip,202302131028,西条市西田,甲19-7,,,西条市西田甲19-7,33.893552,133.15716
2,93334,38206-5003-121.zip,202302131028,西条市西田,甲19-9,,,西条市西田甲19-9,33.893552,133.15716
3,93335,38206-5003-121.zip,202302131028,西条市西田,甲19-10,,,西条市西田甲19-10,33.893552,133.15716
4,93336,38206-5003-121.zip,202302131028,西条市西田,甲19-11,,,西条市西田甲19-11,33.889471,133.154381
5,93337,38206-5003-121.zip,202302131028,西条市西田,甲27-5,,,西条市西田甲27-5,33.893552,133.15716
6,93338,38206-5003-121.zip,202302131028,西条市西田,甲27-6,,,西条市西田甲27-6,33.893552,133.15716
7,93339,38206-5003-121.zip,202302131028,西条市西田,甲28-4,,,西条市西田甲28-4,33.893552,133.15716
8,93340,38206-5003-121.zip,202302131028,西条市西田,甲28-5,,,西条市西田甲28-5,33.893552,133.15716
9,93341,38206-5003-121.zip,202302131028,西条市西田,甲29-3,,,西条市西田甲29-3,33.893552,133.15716
10,93342,38206-5003-121.zip,202302131028,西条市西田,甲36-3,,,西条市西田甲36-3,33.893552,133.15716
11,93343,38206-5003-121.zip,202302131028,西条市西田,甲38-6,,,西条市西田甲38-6,33.893552,133.15716
12,93344,38206-5003-121.zip,202302131028,西条市西田,甲38-7,,,西条市西田甲38-7,33.893552,133.15716
13,93345,38206-5003-121.zip,202302131028,西条市西田,甲43-2,,,西条市西田甲43-2,33.893552,133.15716
14,93346,38206-5003-121.zip,202302131028,西条市西田,甲44-9,,,西条市西田甲44-9,33.893552,133.15716
15,93347,38206-5003-121.zip,202302131028,西条市西田,甲44-20,,,西条市西田甲44-20,33.893552,133.15716
16,93348,38206-5003-121.zip,202302131028,西条市西田,甲44-21,,,西条市西田甲44-21,33.893552,133.15716
17,93349,38206-5003-121.zip,202302131028,西条市西田,甲44-22,,,西条市西田甲44-22,33.893552,133.15716
18,93350,38206-5003-121.zip,202302131028,西条市西田,甲44-23,,,西条市西田甲44-23,33.893552,133.15716
19,93351,38206-5003-121.zip,202302131028,西条市西田,甲44-24,,,西条市西田甲44-24,33.893552,133.15716
20,93352,38206-5003-121.zip,202302131028,西条市西田,甲45-5,,,西条市西田甲45-5,33.893552,133.15716
21,93353,38206-5003-121.zip,202302131028,西条市西田,甲45-6,,,西条市西田甲45-6,33.893552,133.15716
22,93354,38206-5003-121.zip,202302131028,西条市西田,甲50-8,,,西条市西田甲50-8,33.893552,133.15716
23,93355,38206-5003-121.zip,202302131028,西条市西田,甲50-9,,,西条市西田甲50-9,33.893552,133.15716
24,93356,38206-5003-121.zip,202302131028,西条市西田,甲50-10,,,西条市西田甲50-10,33.893552,133.15716
25,93357,38206-5003-121.zip,202302131028,西条市西田,甲50-11,,,西条市西田甲50-11,33.893552,133.15716
26,93358,38206-5003-121.zip,202302131028,西条市西田,甲50-12,,,西条市西田甲50-12,33.893552,133.15716
27,93359,38206-5003-121.zip,202302131028,西条市西田,甲61-2,,,西条市西田甲61-2,33.893552,133.15716
28,93360,38206-5003-121.zip,202302131028,西条市西田,甲63-4,,,西条市西田甲63-4,33.893552,133.15716
29,93361,38206-5003-121.zip,202302131028,西条市西田,甲63-5,,,西条市西田甲63-5,33.893552,133.15716
30,93362,38206-5003-121.zip,202302131028,西条市西田,甲64-4,,,西条市西田甲64-4,33.893552,133.15716
31,93363,38206-5003-121.zip,202302131028,西条市西田,甲64-5,,,西条市西田甲64-5,33.893552,133.15716
32,93364,38206-5003-121.zip,202302131028,西条市西田,甲67-2,,,西条市西田甲67-2,33.893552,133.15716
33,93365,38206-5003-121.zip,202302131028,西条市西田,甲68-3,,,西条市西田甲68-3,33.893552,133.15716
34,93366,38206-5003-121.zip,202302131028,西条市西田,甲69-2,,,西条市西田甲69-2,33.893552,133.15716
35,93367,38206-5003-121.zip,202302131028,西条市西田,甲70-3,,,西条市西田甲70-3,33.893552,133.15716
36,93368,38206-5003-121.zip,202302131028,西条市西田,甲71-4,,,西条市西田甲71-4,33.893552,133.15716
37,93369,38206-5003-121.zip,202302131028,西条市西田,甲71-5,,,西条市西田甲71-5,33.893552,133.15716
38,93370,38206-5003-121.zip,202302131028,西条市西田,甲72-2,,,西条市西田甲72-2,33.893552,133.15716
39,93371,38206-5003-121.zip,202302131028,西条市西田,甲72-4,,,西条市西田甲72-4,33.893552,133.15716
40,93372,38206-5003-121.zip,202302131028,西条市西田,甲72-5,,,西条市西田甲72-5,33.893552,133.15716
41,93373,38206-5003-121.zip,202302131028,西条市西田,甲91-5,,,西条市西田甲91-5,33.893552,133.15716
42,93374,38206-5003-121.zip,202302131028,西条市西田,甲91-6,,,西条市西田甲91-6,33.893552,133.15716
43,93375,38206-5003-121.zip,202302131028,西条市西田,甲92-5,,,西条市西田甲92-5,33.893552,133.15716
44,93376,38206-5003-121.zip,202302131028,西条市西田,甲92-6,,,西条市西田甲92-6,33.893552,133.15716
45,93377,38206-5003-121.zip,202302131028,西条市西田,甲94-3,,,西条市西田甲94-3,33.893552,133.15716
46,93378,38206-5003-121.zip,202302131028,西条市西田,甲95-4,,,西条市西田甲95-4,33.893552,133.15716
47,93379,38206-5003-121.zip,202302131028,西条市西田,甲104-6,,,西条市西田甲104-6,33.893552,133.15716
48,93380,38206-5003-121.zip,202302131028,西条市西田,甲104-7,,,西条市西田甲104-7,33.893552,133.15716
49,93381,38206-5003-121.zip,202302131028,西条市西田,甲105-3,,,西条市西田甲105-3,33.893552,133.15716
50,93382,38206-5003-121.zip,202302131028,西条市西田,甲106-3,,,西条市西田甲106-3,33.893552,133.15716
51,93383,38206-5003-121.zip,202302131028,西条市西田,甲107-2,,,西条市西田甲107-2,33.893552,133.15716
52,93384,38206-5003-121.zip,202302131028,西条市西田,甲108-3,,,西条市西田甲108-3,33.893552,133.15716
53,93385,38206-5003-121.zip,202302131028,西条市西田,甲112-3,,,西条市西田甲112-3,33.893552,133.15716
54,93386,38206-5003-121.zip,202302131028,西条市西田,甲114-4,,,西条市西田甲114-4,33.893552,133.15716
55,93387,38206-5003-121.zip,202302131028,西条市西田,甲114-5,,,西条市西田甲114-5,33.893552,133.15716
56,93388,38206-5003-121.zip,202302131028,西条市西田,甲115-4,,,西条市西田甲115-4,33.893552,133.15716
57,93389,38206-5003-121.zip,202302131028,西条市西田,甲119-9,,,西条市西田甲119-9,33.893552,133.15716
58,93390,38206-5003-121.zip,202302131028,西条市西田,甲119-10,,,西条市西田甲119-10,33.893552,133.15716
59,93391,38206-5003-121.zip,202302131028,西条市西田,甲120-4,,,西条市西田甲120-4,33.893552,133.15716
60,93392,38206-5003-121.zip,202302131028,西条市西田,甲121-5,,,西条市西田甲121-5,33.893552,133.15716
61,93393,38206-5003-121.zip,202302131028,西条市西田,甲122-4,,,西条市西田甲122-4,33.893552,133.15716
62,93394,38206-5003-121.zip,202302131028,西条市西田,甲156-7,,,西条市西田甲156-7,33.893552,133.15716
63,93395,38206-5003-121.zip,202302131028,西条市西田,甲156-8,,,西条市西田甲156-8,33.893552,133.15716
64,93396,38206-5003-121.zip,202302131028,西条市西田,甲156-9,,,西条市西田甲156-9,33.893552,133.15716
65,93397,38206-5003-121.zip,202302131028,西条市西田,甲156-10,,,西条市西田甲156-10,33.893552,133.15716
66,93398,38206-5003-121.zip,202302131028,西条市西田,甲157-6,,,西条市西田甲157-6,33.893552,133.15716
67,93399,38206-5003-121.zip,202302131028,西条市西田,甲164-4,,,西条市西田甲164-4,33.893552,133.15716
68,93400,38206-5003-121.zip,202302131028,西条市西田,甲164-5,,,西条市西田甲164-5,33.893552,133.15716
69,93401,38206-5003-121.zip,202302131028,西条市西田,甲169-5,,,西条市西田甲169-5,33.893552,133.15716
70,93402,38206-5003-121.zip,202302131028,西条市西田,甲169-6,,,西条市西田甲169-6,33.893552,133.15716
71,93403,38206-5003-121.zip,202302131028,西条市西田,甲169-7,,,西条市西田甲169-7,33.893552,133.15716
72,93404,38206-5003-121.zip,202302131028,西条市西田,甲170-4,,,西条市西田甲170-4,33.893552,133.15716
73,93405,38206-5003-121.zip,202302131028,西条市西田,甲170-5,,,西条市西田甲170-5,33.893552,133.15716
74,93406,38206-5003-121.zip,202302131028,西条市西田,甲171-6,,,西条市西田甲171-6,33.893552,133.15716
75,93407,38206-5003-121.zip,202302131028,西条市西田,甲171-7,,,西条市西田甲171-7,33.893552,133.15716
76,93408,38206-5003-121.zip,202302131028,西条市西田,甲172-3,,,西条市西田甲172-3,33.893552,133.15716
77,93409,38206-5003-121.zip,202302131028,西条市西田,甲229-1,,,西条市西田甲229-1,33.893552,133.15716
78,93410,38206-5003-121.zip,202302131028,西条市西田,甲229-3,,,西条市西田甲229-3,33.893552,133.15716
79,93411,38206-5003-121.zip,202302131028,西条市西田,甲229-4,,,西条市西田甲229-4,33.893552,133.15716
80,93412,38206-5003-121.zip,202302131028,西条市西田,甲232-1,,,西条市西田甲232-1,33.893552,133.15716
81,93413,38206-5003-121.zip,202302131028,西条市西田,甲232-2,,,西条市西田甲232-2,33.893552,133.15716
82,93414,38206-5003-121.zip,202302131028,西条市西田,甲233-4,,,西条市西田甲233-4,33.893552,133.15716
83,93415,38206-5003-121.zip,202302131028,西条市西田,甲234-1,,,西条市西田甲234-1,33.893552,133.15716
84,93416,38206-5003-121.zip,202302131028,西条市西田,甲234-8,,,西条市西田甲234-8,33.893552,133.15716
85,93417,38206-5003-121.zip,202302131028,西条市西田,甲234-9,,,西条市西田甲234-9,33.893552,133.15716
86,93418,38206-5003-121.zip,202302131028,西条市西田,甲234-10,,,西条市西田甲234-10,33.893552,133.15716
87,93419,38206-5003-121.zip,202302131028,西条市西田,甲234-11,,,西条市西田甲234-11,33.893552,133.15716
88,93420,38206-5003-121.zip,202302131028,西条市西田,甲234-12,,,西条市西田甲234-12,33.893552,133.15716
89,93421,38206-5003-121.zip,202302131028,西条市西田,甲237-1,,,西条市西田甲237-1,33.893552,133.15716
90,93422,38206-5003-121.zip,202302131028,西条市西田,甲237-5,,,西条市西田甲237-5,33.893552,133.15716
91,93423,38206-5003-121.zip,202302131028,西条市西田,甲237-6,,,西条市西田甲237-6,33.893552,133.15716
92,93424,38206-5003-121.zip,202302131028,西条市西田,甲238-1,,,西条市西田甲238-1,33.893552,133.15716
93,93425,38206-5003-121.zip,202302131028,西条市西田,甲238-6,,,西条市西田甲238-6,33.893552,133.15716
94,93426,38206-5003-121.zip,202302131028,西条市西田,甲238-7,,,西条市西田甲238-7,33.893552,133.15716
95,93427,38206-5003-121.zip,202302131028,西条市西田,甲238-8,,,西条市西田甲238-8,33.893552,133.15716
96,93428,38206-5003-121.zip,202302131028,西条市西田,甲239-1,,,西条市西田甲239-1,33.893552,133.15716
97,93429,38206-5003-121.zip,202302131028,西条市西田,甲239-2,,,西条市西田甲239-2,33.893552,133.15716
98,93430,38206-5003-121.zip,202302131028,西条市西田,甲239-7,,,西条市西田甲239-7,33.893552,133.15716
99,93431,38206-5003-121.zip,202302131028,西条市西田,甲239-8,,,西条市西田甲239-8,33.893552,133.15716
100,93432,38206-5003-121.zip,202302131028,西条市西田,甲241-1,,,西条市西田甲241-1,33.893552,133.15716
101,93433,38206-5003-121.zip,202302131028,西条市西田,甲241-7,,,西条市西田甲241-7,33.893552,133.15716
102,93434,38206-5003-121.zip,202302131028,西条市西田,甲241-10,,,西条市西田甲241-10,33.893552,133.15716
103,93435,38206-5003-121.zip,202302131028,西条市西田,甲241-11,,,西条市西田甲241-11,33.893552,133.15716
104,93436,38206-5003-121.zip,202302131028,西条市西田,甲242-1,,,西条市西田甲242-1,33.893552,133.15716
105,93437,38206-5003-121.zip,202302131028,西条市西田,甲242-9,,,西条市西田甲242-9,33.893552,133.15716
106,93438,38206-5003-121.zip,202302131028,西条市西田,甲243-1,,,西条市西田甲243-1,33.893552,133.15716
107,93439,38206-5003-121.zip,202302131028,西条市西田,甲243-2,,,西条市西田甲243-2,33.893552,133.15716
108,93440,38206-5003-121.zip,202302131028,西条市西田,甲243-6,,,西条市西田甲243-6,33.893552,133.15716
109,93441,38206-5003-121.zip,202302131028,西条市西田,甲244-1,,,西条市西田甲244-1,33.893552,133.15716
110,93442,38206-5003-121.zip,202302131028,西条市西田,甲244-2,,,西条市西田甲244-2,33.893552,133.15716
111,93443,38206-5003-121.zip,202302131028,西条市西田,甲244-4,,,西条市西田甲244-4,33.893552,133.15716
112,93444,38206-5003-121.zip,202302131028,西条市西田,甲244-5,,,西条市西田甲244-5,33.893552,133.15716
113,93445,38206-5003-121.zip,202302131028,西条市西田,甲245-1,,,西条市西田甲245-1,33.893552,133.15716
114,93446,38206-5003-121.zip,202302131028,西条市西田,甲245-2,,,西条市西田甲245-2,33.893552,133.15716
115,93447,38206-5003-121.zip,202302131028,西条市西田,甲245-4,,,西条市西田甲245-4,33.893552,133.15716
116,93448,38206-5003-121.zip,202302131028,西条市西田,甲245-5,,,西条市西田甲245-5,33.893552,133.15716
117,93449,38206-5003-121.zip,202302131028,西条市西田,甲246-1,,,西条市西田甲246-1,33.893552,133.15716
118,93450,38206-5003-121.zip,202302131028,西条市西田,甲246-2,,,西条市西田甲246-2,33.893552,133.15716
119,93451,38206-5003-121.zip,202302131028,西条市西田,甲246-4,,,西条市西田甲246-4,33.893552,133.15716
120,93452,38206-5003-121.zip,202302131028,西条市西田,甲246-5,,,西条市西田甲246-5,33.893552,133.15716
121,93453,38206-5003-121.zip,202302131028,西条市西田,甲248-1,,,西条市西田甲248-1,33.893552,133.15716
122,93454,38206-5003-121.zip,202302131028,西条市西田,甲248-2,,,西条市西田甲248-2,33.893552,133.15716
123,93455,38206-5003-121.zip,202302131028,西条市西田,甲248-4,,,西条市西田甲248-4,33.893552,133.15716
124,93456,38206-5003-121.zip,202302131028,西条市西田,甲248-5,,,西条市西田甲248-5,33.893552,133.15716
125,93457,38206-5003-121.zip,202302131028,西条市西田,甲249-1,,,西条市西田甲249-1,33.893552,133.15716
126,93458,38206-5003-121.zip,202302131028,西条市西田,甲249-2,,,西条市西田甲249-2,33.893552,133.15716
127,93459,38206-5003-121.zip,202302131028,西条市西田,甲249-4,,,西条市西田甲249-4,33.893552,133.15716
128,93460,38206-5003-121.zip,202302131028,西条市西田,甲249-5,,,西条市西田甲249-5,33.893552,133.15716
129,93461,38206-5003-121.zip,202302131028,西条市西田,甲250-1,,,西条市西田甲250-1,33.893552,133.15716
130,93462,38206-5003-121.zip,202302131028,西条市西田,甲250-2,,,西条市西田甲250-2,33.893552,133.15716
131,93463,38206-5003-121.zip,202302131028,西条市西田,甲250-4,,,西条市西田甲250-4,33.893552,133.15716
132,93464,38206-5003-121.zip,202302131028,西条市西田,甲251-1,,,西条市西田甲251-1,33.893552,133.15716
133,93465,38206-5003-121.zip,202302131028,西条市西田,甲251-2,,,西条市西田甲251-2,33.893552,133.15716
134,93466,38206-5003-121.zip,202302131028,西条市西田,甲252-1,,,西条市西田甲252-1,33.893552,133.15716
135,93467,38206-5003-121.zip,202302131028,西条市西田,甲252-2,,,西条市西田甲252-2,33.893552,133.15716
136,93468,38206-5003-121.zip,202302131028,西条市西田,甲253-1,,,西条市西田甲253-1,33.893552,133.15716
137,93469,38206-5003-121.zip,202302131028,西条市西田,甲253-2,,,西条市西田甲253-2,33.893552,133.15716
138,93470,38206-5003-121.zip,202302131028,西条市西田,甲254-1,,,西条市西田甲254-1,33.893552,133.15716
139,93471,38206-5003-121.zip,202302131028,西条市西田,甲254-2,,,西条市西田甲254-2,33.893552,133.15716
140,93472,38206-5003-121.zip,202302131028,西条市西田,甲254-3,,,西条市西田甲254-3,33.893552,133.15716
141,93473,38206-5003-121.zip,202302131028,西条市西田,甲254-5,,,西条市西田甲254-5,33.893552,133.15716
142,93474,38206-5003-121.zip,202302131028,西条市西田,甲254-6,,,西条市西田甲254-6,33.893552,133.15716
143,93475,38206-5003-121.zip,202302131028,西条市西田,甲254-7,,,西条市西田甲254-7,33.893552,133.15716
144,93476,38206-5003-121.zip,202302131028,西条市西田,甲254-8,,,西条市西田甲254-8,33.893552,133.15716
145,93477,38206-5003-121.zip,202302131028,西条市西田,甲254-9,,,西条市西田甲254-9,33.893552,133.15716
146,93478,38206-5003-121.zip,202302131028,西条市西田,甲255-1,,,西条市西田甲255-1,33.893552,133.15716
147,93479,38206-5003-121.zip,202302131028,西条市西田,甲255-2,,,西条市西田甲255-2,33.893552,133.15716
148,93480,38206-5003-121.zip,202302131028,西条市西田,甲255-5,,,西条市西田甲255-5,33.893552,133.15716
149,93481,38206-5003-121.zip,202302131028,西条市西田,甲256-1,,,西条市西田甲256-1,33.893552,133.15716
150,93482,38206-5003-121.zip,202302131028,西条市西田,甲256-2,,,西条市西田甲256-2,33.893552,133.15716
151,93483,38206-5003-121.zip,202302131028,西条市西田,甲256-5,,,西条市西田甲256-5,33.893552,133.15716
152,93484,38206-5003-121.zip,202302131028,西条市西田,甲257-1,,,西条市西田甲257-1,33.893552,133.15716
153,93485,38206-5003-121.zip,202302131028,西条市西田,甲257-2,,,西条市西田甲257-2,33.893552,133.15716
154,93486,38206-5003-121.zip,202302131028,西条市西田,甲257-5,,,西条市西田甲257-5,33.893552,133.15716
155,93487,38206-5003-121.zip,202302131028,西条市西田,甲258-1,,,西条市西田甲258-1,33.893552,133.15716
156,93488,38206-5003-121.zip,202302131028,西条市西田,甲258-4,,,西条市西田甲258-4,33.893552,133.15716
157,93489,38206-5003-121.zip,202302131028,西条市西田,甲260-3,,,西条市西田甲260-3,33.893552,133.15716
158,93490,38206-5003-121.zip,202302131028,西条市西田,甲262-2,,,西条市西田甲262-2,33.893552,133.15716
159,93491,38206-5003-121.zip,202302131028,西条市西田,甲269-2,,,西条市西田甲269-2,33.893552,133.15716
160,93492,38206-5003-121.zip,202302131028,西条市西田,甲269-3,,,西条市西田甲269-3,33.893552,133.15716
161,93493,38206-5003-121.zip,202302131028,西条市西田,甲302-2,,,西条市西田甲302-2,33.893552,133.15716
162,93494,38206-5003-121.zip,202302131028,西条市西田,甲303-5,,,西条市西田甲303-5,33.893552,133.15716
163,93495,38206-5003-121.zip,202302131028,西条市西田,甲303-6,,,西条市西田甲303-6,33.893552,133.15716
164,93496,38206-5003-121.zip,202302131028,西条市西田,甲303-7,,,西条市西田甲303-7,33.893552,133.15716
165,93497,38206-5003-121.zip,202302131028,西条市西田,甲305-4,,,西条市西田甲305-4,33.893552,133.15716
166,93498,38206-5003-121.zip,202302131028,西条市西田,甲307-4,,,西条市西田甲307-4,33.893552,133.15716
167,93499,38206-5003-121.zip,202302131028,西条市西田,甲307-5,,,西条市西田甲307-5,33.893552,133.15716
168,93500,38206-5003-121.zip,202302131028,西条市西田,甲308-4,,,西条市西田甲308-4,33.893552,133.15716
169,93501,38206-5003-121.zip,202302131028,西条市西田,甲308-5,,,西条市西田甲308-5,33.893552,133.15716
170,93502,38206-5003-121.zip,202302131028,西条市西田,甲309-3,,,西条市西田甲309-3,33.893552,133.15716
171,93503,38206-5003-121.zip,202302131028,西条市西田,甲310-2,,,西条市西田甲310-2,33.893552,133.15716
172,93504,38206-5003-121.zip,202302131028,西条市西田,甲311-2,,,西条市西田甲311-2,33.893552,133.15716
173,93505,38206-5003-121.zip,202302131028,西条市西田,甲312-3,,,西条市西田甲312-3,33.893552,133.15716
174,93506,38206-5003-121.zip,202302131028,西条市西田,甲314-3,,,西条市西田甲314-3,33.893552,133.15716
175,93507,38206-5003-121.zip,202302131028,西条市西田,甲315-2,,,西条市西田甲315-2,33.893552,133.15716
176,93508,38206-5003-121.zip,202302131028,西条市西田,甲316-2,,,西条市西田甲316-2,33.893552,133.15716
177,93509,38206-5003-121.zip,202302131028,西条市西田,甲317-3,,,西条市西田甲317-3,33.893552,133.15716
178,93510,38206-5003-121.zip,202302131028,西条市西田,甲321-3,,,西条市西田甲321-3,33.893552,133.15716
179,93511,38206-5003-121.zip,202302131028,西条市西田,甲324-1,,,西条市西田甲324-1,33.897565,133.156482
180,93512,38206-5003-121.zip,202302131028,西条市西田,甲324-2,,,西条市西田甲324-2,33.897646,133.156435
181,93513,38206-5003-121.zip,202302131028,西条市西田,甲324-3,,,西条市西田甲324-3,33.897646,133.156435
182,93514,38206-5003-121.zip,202302131028,西条市西田,甲324-4,,,西条市西田甲324-4,33.897646,133.156435
183,93515,38206-5003-121.zip,202302131028,西条市西田,甲324-5,,,西条市西田甲324-5,33.897646,133.156435
184,93516,38206-5003-121.zip,202302131028,西条市西田,甲324-6,,,西条市西田甲324-6,33.897657,133.156418
185,93517,38206-5003-121.zip,202302131028,西条市西田,甲324-7,,,西条市西田甲324-7,33.897931,133.156391
186,93518,38206-5003-121.zip,202302131028,西条市西田,甲325-1,,,西条市西田甲325-1,33.897769,133.156933
187,93519,38206-5003-121.zip,202302131028,西条市西田,甲325-2,,,西条市西田甲325-2,33.893552,133.15716
188,93520,38206-5003-121.zip,202302131028,西条市西田,甲325-5,,,西条市西田甲325-5,33.893552,133.15716
189,93521,38206-5003-121.zip,202302131028,西条市西田,甲325-6,,,西条市西田甲325-6,33.893552,133.15716
190,93522,38206-5003-121.zip,202302131028,西条市西田,甲325-7,,,西条市西田甲325-7,33.893552,133.15716
191,93523,38206-5003-121.zip,202302131028,西条市西田,甲326-1,,,西条市西田甲326-1,33.897309,133.156751
192,93524,38206-5003-121.zip,202302131028,西条市西田,甲326-2,,,西条市西田甲326-2,33.893552,133.15716
193,93525,38206-5003-121.zip,202302131028,西条市西田,甲326-4,,,西条市西田甲326-4,33.893552,133.15716
194,93526,38206-5003-121.zip,202302131028,西条市西田,甲326-5,,,西条市西田甲326-5,33.893552,133.15716
195,93527,38206-5003-121.zip,202302131028,西条市西田,甲338-4,,,西条市西田甲338-4,33.893552,133.15716
196,93528,38206-5003-121.zip,202302131028,西条市西田,甲339-4,,,西条市西田甲339-4,33.893552,133.15716
197,93529,38206-5003-121.zip,202302131028,西条市西田,甲340-4,,,西条市西田甲340-4,33.893552,133.15716
198,93530,38206-5003-121.zip,202302131028,西条市西田,甲341-4,,,西条市西田甲341-4,33.893552,133.15716
199,93531,38206-5003-121.zip,202302131028,西条市西田,甲355-4,,,西条市西田甲355-4,33.893552,133.15716
200,93532,38206-5003-121.zip,202302131028,西条市西田,甲356-4,,,西条市西田甲356-4,33.893552,133.15716
201,93533,38206-5003-121.zip,202302131028,西条市西田,甲357-4,,,西条市西田甲357-4,33.893552,133.15716
202,93534,38206-5003-121.zip,202302131028,西条市西田,甲358-2,,,西条市西田甲358-2,33.893552,133.15716
203,93535,38206-5003-121.zip,202302131028,西条市西田,甲359-2,,,西条市西田甲359-2,33.893552,133.15716
204,93536,38206-5003-121.zip,202302131028,西条市西田,甲359-8,,,西条市西田甲359-8,33.893552,133.15716
205,93537,38206-5003-121.zip,202302131028,西条市西田,甲359-9,,,西条市西田甲359-9,33.893552,133.15716
206,93538,38206-5003-121.zip,202302131028,西条市西田,甲360-2,,,西条市西田甲360-2,33.893552,133.15716
207,93539,38206-5003-121.zip,202302131028,西条市西田,甲361-2,,,西条市西田甲361-2,33.893552,133.15716
208,93540,38206-5003-121.zip,202302131028,西条市西田,甲361-4,,,西条市西田甲361-4,33.893552,133.15716
209,93541,38206-5003-121.zip,202302131028,西条市西田,甲362-2,,,西条市西田甲362-2,33.893552,133.15716
210,93542,38206-5003-121.zip,202302131028,西条市西田,甲362-10,,,西条市西田甲362-10,33.893552,133.15716
211,93543,38206-5003-121.zip,202302131028,西条市西田,甲364-1,,,西条市西田甲364-1,33.893552,133.15716
212,93544,38206-5003-121.zip,202302131028,西条市西田,甲364-6,,,西条市西田甲364-6,33.893552,133.15716
213,93545,38206-5003-121.zip,202302131028,西条市西田,甲366-2,,,西条市西田甲366-2,33.893552,133.15716
214,93546,38206-5003-121.zip,202302131028,西条市西田,甲368-5,,,西条市西田甲368-5,33.893552,133.15716
215,93547,38206-5003-121.zip,202302131028,西条市西田,甲369-1,,,西条市西田甲369-1,33.893552,133.15716
216,93548,38206-5003-121.zip,202302131028,西条市西田,甲369-5,,,西条市西田甲369-5,33.893552,133.15716
217,93549,38206-5003-121.zip,202302131028,西条市西田,甲370-1,,,西条市西田甲370-1,33.893552,133.15716
218,93550,38206-5003-121.zip,202302131028,西条市西田,甲370-5,,,西条市西田甲370-5,33.893552,133.15716
219,93551,38206-5003-121.zip,202302131028,西条市西田,甲371-1,,,西条市西田甲371-1,33.893552,133.15716
220,93552,38206-5003-121.zip,202302131028,西条市西田,甲371-5,,,西条市西田甲371-5,33.893552,133.15716
221,93553,38206-5003-121.zip,202302131028,西条市西田,甲372-1,,,西条市西田甲372-1,33.893552,133.15716
222,93554,38206-5003-121.zip,202302131028,西条市西田,甲372-5,,,西条市西田甲372-5,33.893552,133.15716
223,93555,38206-5003-121.zip,202302131028,西条市西田,甲373-1,,,西条市西田甲373-1,33.893552,133.15716
224,93556,38206-5003-121.zip,202302131028,西条市西田,甲374-5,,,西条市西田甲374-5,33.893552,133.15716
225,93557,38206-5003-121.zip,202302131028,西条市西田,甲384-1,,,西条市西田甲384-1,33.893552,133.15716
226,93558,38206-5003-121.zip,202302131028,西条市西田,甲384-3,,,西条市西田甲384-3,33.893552,133.15716
227,93559,38206-5003-121.zip,202302131028,西条市西田,甲385-1,,,西条市西田甲385-1,33.893552,133.15716
228,93560,38206-5003-121.zip,202302131028,西条市西田,甲385-4,,,西条市西田甲385-4,33.893552,133.15716
229,93561,38206-5003-121.zip,202302131028,西条市西田,甲386-1,,,西条市西田甲386-1,33.893552,133.15716
230,93562,38206-5003-121.zip,202302131028,西条市西田,甲386-2,,,西条市西田甲386-2,33.893552,133.15716
231,93563,38206-5003-121.zip,202302131028,西条市西田,甲387-1,,,西条市西田甲387-1,33.893552,133.15716
232,93564,38206-5003-121.zip,202302131028,西条市西田,甲387-7,,,西条市西田甲387-7,33.893552,133.15716
233,93565,38206-5003-121.zip,202302131028,西条市西田,甲388-1,,,西条市西田甲388-1,33.893552,133.15716
234,93566,38206-5003-121.zip,202302131028,西条市西田,甲388-5,,,西条市西田甲388-5,33.893552,133.15716
235,93567,38206-5003-121.zip,202302131028,西条市西田,甲391-2,,,西条市西田甲391-2,33.893552,133.15716
236,93568,38206-5003-121.zip,202302131028,西条市西田,甲394-2,,,西条市西田甲394-2,33.895758,133.1574
237,93569,38206-5003-121.zip,202302131028,西条市西田,甲394-5,,,西条市西田甲394-5,33.895756,133.157218
238,93570,38206-5003-121.zip,202302131028,西条市西田,甲394-8,,,西条市西田甲394-8,33.895758,133.1574
239,93571,38206-5003-121.zip,202302131028,西条市西田,甲394-9,,,西条市西田甲394-9,33.895758,133.1574
240,93572,38206-5003-121.zip,202302131028,西条市西田,甲394-10,,,西条市西田甲394-10,0.0,0.0
241,93573,38206-5003-121.zip,202302131028,西条市西田,甲394-11,,,西条市西田甲394-11,33.895758,133.1574
242,93574,38206-5003-121.zip,202302131028,西条市西田,甲394-12,,,西条市西田甲394-12,33.895758,133.1574
243,93575,38206-5003-121.zip,202302131028,西条市西田,甲394-13,,,西条市西田甲394-13,33.895758,133.1574
244,93576,38206-5003-121.zip,202302131028,西条市西田,甲394-14,,,西条市西田甲394-14,33.895758,133.1574
245,93577,38206-5003-121.zip,202302131028,西条市西田,甲396-1,,,西条市西田甲396-1,33.895376,133.157599
246,93578,38206-5003-121.zip,202302131028,西条市西田,甲396-2,,,西条市西田甲396-2,33.895103,133.158538
247,93579,38206-5003-121.zip,202302131028,西条市西田,甲396-3,,,西条市西田甲396-3,33.895119,133.158505
248,93580,38206-5003-121.zip,202302131028,西条市西田,甲396-4,,,西条市西田甲396-4,33.895119,133.158505
249,93581,38206-5003-121.zip,202302131028,西条市西田,甲397-1,,,西条市西田甲397-1,33.895382,133.15762
250,93582,38206-5003-121.zip,202302131028,西条市西田,甲397-2,,,西条市西田甲397-2,0.0,0.0
251,93583,38206-5003-121.zip,202302131028,西条市西田,甲398-1,,,西条市西田甲398-1,0.0,0.0
252,93584,38206-5003-121.zip,202302131028,西条市西田,甲398-5,,,西条市西田甲398-5,33.895424,133.157248
253,93585,38206-5003-121.zip,202302131028,西条市西田,甲398-6,,,西条市西田甲398-6,33.895413,133.157251
254,93586,38206-5003-121.zip,202302131028,西条市西田,甲400-1,,,西条市西田甲400-1,33.895512,133.157241
255,93587,38206-5003-121.zip,202302131028,西条市西田,甲401-1,,,西条市西田甲401-1,33.895639,133.156932
256,93588,38206-5003-121.zip,202302131028,西条市西田,甲401-6,,,西条市西田甲401-6,33.895639,133.156932
257,93589,38206-5003-121.zip,202302131028,西条市西田,甲401-8,,,西条市西田甲401-8,33.895639,133.156932
258,93590,38206-5003-121.zip,202302131028,西条市西田,甲401-12,,,西条市西田甲401-12,33.895639,133.156932
259,93591,38206-5003-121.zip,202302131028,西条市西田,甲401-13,,,西条市西田甲401-13,33.895639,133.156932
260,93592,38206-5003-121.zip,202302131028,西条市西田,甲401-14,,,西条市西田甲401-14,33.895639,133.156932
261,93593,38206-5003-121.zip,202302131028,西条市西田,甲401-15,,,西条市西田甲401-15,33.895639,133.156932
262,93594,38206-5003-121.zip,202302131028,西条市西田,甲401-16,,,西条市西田甲401-16,33.895736,133.156772
263,93595,38206-5003-121.zip,202302131028,西条市西田,甲401-17,,,西条市西田甲401-17,33.895639,133.156932
264,93596,38206-5003-121.zip,202302131028,西条市西田,甲403-1,,,西条市西田甲403-1,33.893552,133.15716
265,93597,38206-5003-121.zip,202302131028,西条市西田,甲403-5,,,西条市西田甲403-5,33.893552,133.15716
266,93598,38206-5003-121.zip,202302131028,西条市西田,甲404-1,,,西条市西田甲404-1,33.893552,133.15716
267,93599,38206-5003-121.zip,202302131028,西条市西田,甲404-3,,,西条市西田甲404-3,33.893552,133.15716
268,93600,38206-5003-121.zip,202302131028,西条市西田,甲406-1,,,西条市西田甲406-1,33.893552,133.15716
269,93601,38206-5003-121.zip,202302131028,西条市西田,甲406-2,,,西条市西田甲406-2,33.893552,133.15716
270,93602,38206-5003-121.zip,202302131028,西条市西田,甲406-8,,,西条市西田甲406-8,33.893552,133.15716
271,93603,38206-5003-121.zip,202302131028,西条市西田,甲406-9,,,西条市西田甲406-9,33.893552,133.15716
272,93604,38206-5003-121.zip,202302131028,西条市西田,甲406-10,,,西条市西田甲406-10,33.893552,133.15716
273,93605,38206-5003-121.zip,202302131028,西条市西田,甲407-1,,,西条市西田甲407-1,33.893552,133.15716
274,93606,38206-5003-121.zip,202302131028,西条市西田,甲407-4,,,西条市西田甲407-4,33.889114,133.156821
275,93607,38206-5003-121.zip,202302131028,西条市西田,甲407-5,,,西条市西田甲407-5,33.893552,133.15716
276,93608,38206-5003-121.zip,202302131028,西条市西田,甲407-6,,,西条市西田甲407-6,33.893552,133.15716
277,93609,38206-5003-121.zip,202302131028,西条市西田,甲407-7,,,西条市西田甲407-7,33.893552,133.15716
278,93610,38206-5003-121.zip,202302131028,西条市西田,甲408-1,,,西条市西田甲408-1,33.893552,133.15716
279,93611,38206-5003-121.zip,202302131028,西条市西田,甲408-2,,,西条市西田甲408-2,33.893552,133.15716
280,93612,38206-5003-121.zip,202302131028,西条市西田,甲408-3,,,西条市西田甲408-3,33.893552,133.15716
281,93613,38206-5003-121.zip,202302131028,西条市西田,甲408-4,,,西条市西田甲408-4,33.893552,133.15716
282,93614,38206-5003-121.zip,202302131028,西条市西田,甲408-5,,,西条市西田甲408-5,33.893552,133.15716
283,93615,38206-5003-121.zip,202302131028,西条市西田,甲408-6,,,西条市西田甲408-6,33.893552,133.15716
284,93616,38206-5003-121.zip,202302131028,西条市西田,甲408-7,,,西条市西田甲408-7,33.893552,133.15716
285,93617,38206-5003-121.zip,202302131028,西条市西田,甲409-1,,,西条市西田甲409-1,33.893552,133.15716
286,93618,38206-5003-121.zip,202302131028,西条市西田,甲409-3,,,西条市西田甲409-3,33.893552,133.15716
287,93619,38206-5003-121.zip,202302131028,西条市西田,甲409-5,,,西条市西田甲409-5,33.893552,133.15716
288,93620,38206-5003-121.zip,202302131028,西条市西田,甲409-6,,,西条市西田甲409-6,33.893552,133.15716
289,93621,38206-5003-121.zip,202302131028,西条市西田,甲410-1,,,西条市西田甲410-1,33.893552,133.15716
290,93622,38206-5003-121.zip,202302131028,西条市西田,甲410-2,,,西条市西田甲410-2,33.893552,133.15716
291,93623,38206-5003-121.zip,202302131028,西条市西田,甲410-3,,,西条市西田甲410-3,33.893552,133.15716
292,93624,38206-5003-121.zip,202302131028,西条市西田,甲411-1,,,西条市西田甲411-1,33.893552,133.15716
293,93625,38206-5003-121.zip,202302131028,西条市西田,甲411-2,,,西条市西田甲411-2,33.893552,133.15716
294,93626,38206-5003-121.zip,202302131028,西条市西田,甲413-2,,,西条市西田甲413-2,0.0,0.0
295,93627,38206-5003-121.zip,202302131028,西条市西田,甲415-1,,,西条市西田甲415-1,33.894822,133.157107
296,93628,38206-5003-121.zip,202302131028,西条市西田,甲415-2,,,西条市西田甲415-2,33.894822,133.157107
297,93629,38206-5003-121.zip,202302131028,西条市西田,甲416,,,西条市西田甲416,33.893552,133.15716
298,93630,38206-5003-121.zip,202302131028,西条市西田,甲417,,,西条市西田甲417,33.893552,133.15716
299,93631,38206-5003-121.zip,202302131028,西条市西田,甲418,,,西条市西田甲418,33.894774,133.158481
300,93632,38206-5003-121.zip,202302131028,西条市西田,甲419-1,,,西条市西田甲419-1,33.894466,133.158397
301,93633,38206-5003-121.zip,202302131028,西条市西田,甲419-2,,,西条市西田甲419-2,33.894466,133.158397
302,93634,38206-5003-121.zip,202302131028,西条市西田,甲419-4,,,西条市西田甲419-4,33.894466,133.158397
303,93635,38206-5003-121.zip,202302131028,西条市西田,甲419-5,,,西条市西田甲419-5,33.894466,133.158397
304,93636,38206-5003-121.zip,202302131028,西条市西田,甲419-6,,,西条市西田甲419-6,33.894466,133.158397
305,93637,38206-5003-121.zip,202302131028,西条市西田,甲419-7,,,西条市西田甲419-7,33.894466,133.158397
306,93638,38206-5003-121.zip,202302131028,西条市西田,甲421-4,,,西条市西田甲421-4,33.894964,133.157886
307,93639,38206-5003-121.zip,202302131028,西条市西田,甲423-1,,,西条市西田甲423-1,33.894689,133.157364
308,93640,38206-5003-121.zip,202302131028,西条市西田,甲424-3,,,西条市西田甲424-3,33.893552,133.15716
309,93641,38206-5003-121.zip,202302131028,西条市西田,甲425-1,,,西条市西田甲425-1,33.894388,133.157894
310,93642,38206-5003-121.zip,202302131028,西条市西田,甲425-3,,,西条市西田甲425-3,33.894374,133.157902
311,93643,38206-5003-121.zip,202302131028,西条市西田,甲425-4,,,西条市西田甲425-4,33.894374,133.157902
312,93644,38206-5003-121.zip,202302131028,西条市西田,甲426-1,,,西条市西田甲426-1,33.893552,133.15716
313,93645,38206-5003-121.zip,202302131028,西条市西田,甲426-2,,,西条市西田甲426-2,33.893552,133.15716
314,93646,38206-5003-121.zip,202302131028,西条市西田,甲427-1,,,西条市西田甲427-1,33.893552,133.15716
315,93647,38206-5003-121.zip,202302131028,西条市西田,甲427-3,,,西条市西田甲427-3,33.893552,133.15716
316,93648,38206-5003-121.zip,202302131028,西条市西田,甲427-4,,,西条市西田甲427-4,33.893552,133.15716
317,93649,38206-5003-121.zip,202302131028,西条市西田,甲427-5,,,西条市西田甲427-5,33.893552,133.15716
318,93650,38206-5003-121.zip,202302131028,西条市西田,甲428-1,,,西条市西田甲428-1,33.893552,133.15716
319,93651,38206-5003-121.zip,202302131028,西条市西田,甲428-4,,,西条市西田甲428-4,33.893552,133.15716
320,93652,38206-5003-121.zip,202302131028,西条市西田,甲428-5,,,西条市西田甲428-5,33.893552,133.15716
321,93653,38206-5003-121.zip,202302131028,西条市西田,甲428-6,,,西条市西田甲428-6,33.893552,133.15716
322,93654,38206-5003-121.zip,202302131028,西条市西田,甲428-7,,,西条市西田甲428-7,33.893552,133.15716
323,93655,38206-5003-121.zip,202302131028,西条市西田,甲428-8,,,西条市西田甲428-8,33.893552,133.15716
324,93656,38206-5003-121.zip,202302131028,西条市西田,甲429-1,,,西条市西田甲429-1,33.894497,133.158423
325,93657,38206-5003-121.zip,202302131028,西条市西田,甲429-2,,,西条市西田甲429-2,33.894497,133.158423
326,93658,38206-5003-121.zip,202302131028,西条市西田,甲429-5,,,西条市西田甲429-5,33.894497,133.158423
327,93659,38206-5003-121.zip,202302131028,西条市西田,甲429-6,,,西条市西田甲429-6,33.894497,133.158423
328,93660,38206-5003-121.zip,202302131028,西条市西田,甲429-7,,,西条市西田甲429-7,33.894497,133.158423
329,93661,38206-5003-121.zip,202302131028,西条市西田,甲429-8,,,西条市西田甲429-8,33.894497,133.158423
330,93662,38206-5003-121.zip,202302131028,西条市西田,甲429-9,,,西条市西田甲429-9,33.894497,133.158423
331,93663,38206-5003-121.zip,202302131028,西条市西田,甲429-10,,,西条市西田甲429-10,0.0,0.0
332,93664,38206-5003-121.zip,202302131028,西条市西田,甲430-1,,,西条市西田甲430-1,33.894121,133.158377
333,93665,38206-5003-121.zip,202302131028,西条市西田,甲430-2,,,西条市西田甲430-2,33.894121,133.158377
334,93666,38206-5003-121.zip,202302131028,西条市西田,甲431,,,西条市西田甲431,33.893417,133.158538
335,93667,38206-5003-121.zip,202302131028,西条市西田,甲432-1,,,西条市西田甲432-1,33.893552,133.15716
336,93668,38206-5003-121.zip,202302131028,西条市西田,甲432-2,,,西条市西田甲432-2,33.893552,133.15716
337,93669,38206-5003-121.zip,202302131028,西条市西田,甲433,,,西条市西田甲433,33.893552,133.15716
338,93670,38206-5003-121.zip,202302131028,西条市西田,甲434,,,西条市西田甲434,33.893552,133.15716
339,93671,38206-5003-121.zip,202302131028,西条市西田,甲435-1,,,西条市西田甲435-1,33.893552,133.15716
340,93672,38206-5003-121.zip,202302131028,西条市西田,甲435-2,,,西条市西田甲435-2,33.893552,133.15716
341,93673,38206-5003-121.zip,202302131028,西条市西田,甲435-3,,,西条市西田甲435-3,33.893552,133.15716
342,93674,38206-5003-121.zip,202302131028,西条市西田,甲435-4,,,西条市西田甲435-4,33.893552,133.15716
343,93675,38206-5003-121.zip,202302131028,西条市西田,甲436-1,,,西条市西田甲436-1,33.893552,133.15716
344,93676,38206-5003-121.zip,202302131028,西条市西田,甲436-2,,,西条市西田甲436-2,33.893552,133.15716
345,93677,38206-5003-121.zip,202302131028,西条市西田,甲436-3,,,西条市西田甲436-3,33.893552,133.15716
346,93678,38206-5003-121.zip,202302131028,西条市西田,甲436-4,,,西条市西田甲436-4,33.893552,133.15716
347,93679,38206-5003-121.zip,202302131028,西条市西田,甲436-5,,,西条市西田甲436-5,33.893552,133.15716
348,93680,38206-5003-121.zip,202302131028,西条市西田,甲437-1,,,西条市西田甲437-1,33.893554,133.158528
349,93681,38206-5003-121.zip,202302131028,西条市西田,甲437-2,,,西条市西田甲437-2,33.893447,133.158531
350,93682,38206-5003-121.zip,202302131028,西条市西田,甲437-3,,,西条市西田甲437-3,33.893177,133.15831
351,93683,38206-5003-121.zip,202302131028,西条市西田,甲437-4,,,西条市西田甲437-4,33.893178,133.1583
352,93684,38206-5003-121.zip,202302131028,西条市西田,甲437-5,,,西条市西田甲437-5,33.893178,133.1583
353,93685,38206-5003-121.zip,202302131028,西条市西田,甲437-6,,,西条市西田甲437-6,33.893178,133.1583
354,93686,38206-5003-121.zip,202302131028,西条市西田,甲437-7,,,西条市西田甲437-7,33.893178,133.1583
355,93687,38206-5003-121.zip,202302131028,西条市西田,甲437-8,,,西条市西田甲437-8,33.893178,133.1583
356,93688,38206-5003-121.zip,202302131028,西条市西田,甲437-9,,,西条市西田甲437-9,33.893178,133.1583
357,93689,38206-5003-121.zip,202302131028,西条市西田,甲437-10,,,西条市西田甲437-10,33.893178,133.1583
358,93690,38206-5003-121.zip,202302131028,西条市西田,甲437-11,,,西条市西田甲437-11,33.893178,133.1583
359,93691,38206-5003-121.zip,202302131028,西条市西田,甲438-1,,,西条市西田甲438-1,33.893213,133.158687
360,93692,38206-5003-121.zip,202302131028,西条市西田,甲438-2,,,西条市西田甲438-2,33.893221,133.158538
361,93693,38206-5003-121.zip,202302131028,西条市西田,甲438-3,,,西条市西田甲438-3,33.893221,133.158538
362,93694,38206-5003-121.zip,202302131028,西条市西田,甲438-4,,,西条市西田甲438-4,33.893221,133.158538
363,93695,38206-5003-121.zip,202302131028,西条市西田,甲440,,,西条市西田甲440,33.893552,133.15716
364,93696,38206-5003-121.zip,202302131028,西条市西田,甲441-1,,,西条市西田甲441-1,33.893552,133.15716
365,93697,38206-5003-121.zip,202302131028,西条市西田,甲441-2,,,西条市西田甲441-2,33.893552,133.15716
366,93698,38206-5003-121.zip,202302131028,西条市西田,甲442-3,,,西条市西田甲442-3,33.893552,133.15716
367,93699,38206-5003-121.zip,202302131028,西条市西田,甲443-1,,,西条市西田甲443-1,33.893552,133.15716
368,93700,38206-5003-121.zip,202302131028,西条市西田,甲443-2,,,西条市西田甲443-2,33.893552,133.15716
369,93701,38206-5003-121.zip,202302131028,西条市西田,甲444-1,,,西条市西田甲444-1,33.894118,133.158168
370,93702,38206-5003-121.zip,202302131028,西条市西田,甲444-2,,,西条市西田甲444-2,33.894063,133.158235
371,93703,38206-5003-121.zip,202302131028,西条市西田,甲446,,,西条市西田甲446,33.893552,133.15716
372,93704,38206-5003-121.zip,202302131028,西条市西田,甲449-5,,,西条市西田甲449-5,33.894158,133.157412
373,93705,38206-5003-121.zip,202302131028,西条市西田,甲449-8,,,西条市西田甲449-8,33.894151,133.157508
374,93706,38206-5003-121.zip,202302131028,西条市西田,甲449-9,,,西条市西田甲449-9,33.894151,133.157508
375,93707,38206-5003-121.zip,202302131028,西条市西田,甲449-10,,,西条市西田甲449-10,33.894151,133.157508
376,93708,38206-5003-121.zip,202302131028,西条市西田,甲455-1,,,西条市西田甲455-1,33.893891,133.157548
377,93709,38206-5003-121.zip,202302131028,西条市西田,甲455-2,,,西条市西田甲455-2,33.893875,133.15744
378,93710,38206-5003-121.zip,202302131028,西条市西田,甲455-3,,,西条市西田甲455-3,33.893891,133.157548
379,93711,38206-5003-121.zip,202302131028,西条市西田,甲456-1,,,西条市西田甲456-1,33.893552,133.15716
380,93712,38206-5003-121.zip,202302131028,西条市西田,甲456-2,,,西条市西田甲456-2,33.893552,133.15716
381,93713,38206-5003-121.zip,202302131028,西条市西田,甲457,,,西条市西田甲457,33.893552,133.15716
382,93714,38206-5003-121.zip,202302131028,西条市西田,甲458,,,西条市西田甲458,33.893552,133.15716
383,93715,38206-5003-121.zip,202302131028,西条市西田,甲465,,,西条市西田甲465,33.893552,133.15716
384,93716,38206-5003-121.zip,202302131028,西条市西田,甲467-1,,,西条市西田甲467-1,33.892847,133.158165
385,93717,38206-5003-121.zip,202302131028,西条市西田,甲467-2,,,西条市西田甲467-2,33.892847,133.158165
386,93718,38206-5003-121.zip,202302131028,西条市西田,甲467-3,,,西条市西田甲467-3,33.892847,133.158165
387,93719,38206-5003-121.zip,202302131028,西条市西田,甲467-4,,,西条市西田甲467-4,33.892847,133.158165
388,93720,38206-5003-121.zip,202302131028,西条市西田,甲467-5,,,西条市西田甲467-5,33.892847,133.158165
389,93721,38206-5003-121.zip,202302131028,西条市西田,甲467-6,,,西条市西田甲467-6,33.892847,133.158165
390,93722,38206-5003-121.zip,202302131028,西条市西田,甲468-1,,,西条市西田甲468-1,33.893552,133.15716
391,93723,38206-5003-121.zip,202302131028,西条市西田,甲468-2,,,西条市西田甲468-2,33.893552,133.15716
392,93724,38206-5003-121.zip,202302131028,西条市西田,甲468-3,,,西条市西田甲468-3,33.893552,133.15716
393,93725,38206-5003-121.zip,202302131028,西条市西田,甲469,,,西条市西田甲469,33.893016,133.158273
394,93726,38206-5003-121.zip,202302131028,西条市西田,甲470-1,,,西条市西田甲470-1,33.89279,133.157894
395,93727,38206-5003-121.zip,202302131028,西条市西田,甲470-2,,,西条市西田甲470-2,33.893552,133.15716
396,93728,38206-5003-121.zip,202302131028,西条市西田,甲471-1,,,西条市西田甲471-1,33.892952,133.157828
397,93729,38206-5003-121.zip,202302131028,西条市西田,甲471-2,,,西条市西田甲471-2,33.892922,133.157692
398,93730,38206-5003-121.zip,202302131028,西条市西田,甲471-3,,,西条市西田甲471-3,33.892999,133.157586
399,93731,38206-5003-121.zip,202302131028,西条市西田,甲472,,,西条市西田甲472,0.0,0.0
400,93732,38206-5003-121.zip,202302131028,西条市西田,甲473,,,西条市西田甲473,33.893103,133.157837
401,93733,38206-5003-121.zip,202302131028,西条市西田,甲474-1,,,西条市西田甲474-1,33.893552,133.15716
402,93734,38206-5003-121.zip,202302131028,西条市西田,甲474-2,,,西条市西田甲474-2,33.893552,133.15716
403,93735,38206-5003-121.zip,202302131028,西条市西田,甲475,,,西条市西田甲475,33.893552,133.15716
404,93736,38206-5003-121.zip,202302131028,西条市西田,甲481,,,西条市西田甲481,33.893552,133.15716
405,93737,38206-5003-121.zip,202302131028,西条市西田,甲482,,,西条市西田甲482,33.893552,133.15716
406,93738,38206-5003-121.zip,202302131028,西条市西田,甲483-1,,,西条市西田甲483-1,33.893552,133.15716
407,93739,38206-5003-121.zip,202302131028,西条市西田,甲484,,,西条市西田甲484,33.893622,133.157897
408,93740,38206-5003-121.zip,202302131028,西条市西田,甲487-1,,,西条市西田甲487-1,33.893803,133.157623
409,93741,38206-5003-121.zip,202302131028,西条市西田,甲487-3,,,西条市西田甲487-3,33.893803,133.157623
410,93742,38206-5003-121.zip,202302131028,西条市西田,甲487-4,,,西条市西田甲487-4,33.893803,133.157623
411,93743,38206-5003-121.zip,202302131028,西条市西田,甲488,,,西条市西田甲488,33.893624,133.157752
412,93744,38206-5003-121.zip,202302131028,西条市西田,甲489,,,西条市西田甲489,33.893716,133.157478
413,93745,38206-5003-121.zip,202302131028,西条市西田,甲490-1,,,西条市西田甲490-1,33.893536,133.157402
414,93746,38206-5003-121.zip,202302131028,西条市西田,甲490-2,,,西条市西田甲490-2,33.89354,133.157386
415,93747,38206-5003-121.zip,202302131028,西条市西田,甲490-3,,,西条市西田甲490-3,33.89354,133.157386
416,93748,38206-5003-121.zip,202302131028,西条市西田,甲492-1,,,西条市西田甲492-1,33.893394,133.157402
417,93749,38206-5003-121.zip,202302131028,西条市西田,甲492-2,,,西条市西田甲492-2,33.893394,133.157402
418,93750,38206-5003-121.zip,202302131028,西条市西田,甲493,,,西条市西田甲493,33.893552,133.15716
419,93751,38206-5003-121.zip,202302131028,西条市西田,甲494,,,西条市西田甲494,33.893344,133.15771
420,93752,38206-5003-121.zip,202302131028,西条市西田,甲495-1,,,西条市西田甲495-1,33.893552,133.15716
421,93753,38206-5003-121.zip,202302131028,西条市西田,甲496,,,西条市西田甲496,33.892937,133.157345
422,93754,38206-5003-121.zip,202302131028,西条市西田,甲497-1,,,西条市西田甲497-1,33.89326,133.157495
423,93755,38206-5003-121.zip,202302131028,西条市西田,甲497-2,,,西条市西田甲497-2,33.89326,133.157495
424,93756,38206-5003-121.zip,202302131028,西条市西田,甲499,,,西条市西田甲499,33.893247,133.157251
425,93757,38206-5003-121.zip,202302131028,西条市西田,甲500-1,,,西条市西田甲500-1,33.893552,133.15716
426,93758,38206-5003-121.zip,202302131028,西条市西田,甲500-3,,,西条市西田甲500-3,33.893552,133.15716
427,93759,38206-5003-121.zip,202302131028,西条市西田,甲501-1,,,西条市西田甲501-1,33.892952,133.15717
428,93760,38206-5003-121.zip,202302131028,西条市西田,甲502-1,,,西条市西田甲502-1,33.893552,133.15716
429,93761,38206-5003-121.zip,202302131028,西条市西田,甲502-2,,,西条市西田甲502-2,33.893552,133.15716
430,93762,38206-5003-121.zip,202302131028,西条市西田,甲503-1,,,西条市西田甲503-1,33.893045,133.156818
431,93763,38206-5003-121.zip,202302131028,西条市西田,甲503-2,,,西条市西田甲503-2,33.893045,133.156818
432,93764,38206-5003-121.zip,202302131028,西条市西田,甲504-1,,,西条市西田甲504-1,33.893145,133.156792
433,93765,38206-5003-121.zip,202302131028,西条市西田,甲504-2,,,西条市西田甲504-2,33.893552,133.15716
434,93766,38206-5003-121.zip,202302131028,西条市西田,甲505-1,,,西条市西田甲505-1,33.893552,133.15716
435,93767,38206-5003-121.zip,202302131028,西条市西田,甲505-2,,,西条市西田甲505-2,33.893552,133.15716
436,93768,38206-5003-121.zip,202302131028,西条市西田,甲506-1,,,西条市西田甲506-1,33.893552,133.15716
437,93769,38206-5003-121.zip,202302131028,西条市西田,甲506-2,,,西条市西田甲506-2,33.893552,133.15716
438,93770,38206-5003-121.zip,202302131028,西条市西田,甲507,,,西条市西田甲507,33.893217,133.15691
439,93771,38206-5003-121.zip,202302131028,西条市西田,甲508-1,,,西条市西田甲508-1,33.893552,133.15716
440,93772,38206-5003-121.zip,202302131028,西条市西田,甲508-2,,,西条市西田甲508-2,33.893552,133.15716
441,93773,38206-5003-121.zip,202302131028,西条市西田,甲508-3,,,西条市西田甲508-3,33.893552,133.15716
442,93774,38206-5003-121.zip,202302131028,西条市西田,甲508-4,,,西条市西田甲508-4,33.893552,133.15716
443,93775,38206-5003-121.zip,202302131028,西条市西田,甲509-1,,,西条市西田甲509-1,33.893364,133.157061
444,93776,38206-5003-121.zip,202302131028,西条市西田,甲509-2,,,西条市西田甲509-2,33.893551,133.1571
445,93777,38206-5003-121.zip,202302131028,西条市西田,甲509-5,,,西条市西田甲509-5,33.893398,133.157033
446,93778,38206-5003-121.zip,202302131028,西条市西田,甲509-6,,,西条市西田甲509-6,33.893398,133.157033
447,93779,38206-5003-121.zip,202302131028,西条市西田,甲511-1,,,西条市西田甲511-1,33.893552,133.15716
448,93780,38206-5003-121.zip,202302131028,西条市西田,甲511-2,,,西条市西田甲511-2,33.893552,133.15716
449,93781,38206-5003-121.zip,202302131028,西条市西田,甲511-3,,,西条市西田甲511-3,33.893552,133.15716
450,93782,38206-5003-121.zip,202302131028,西条市西田,甲512-1,,,西条市西田甲512-1,33.893552,133.15716
451,93783,38206-5003-121.zip,202302131028,西条市西田,甲512-2,,,西条市西田甲512-2,33.893552,133.15716
452,93784,38206-5003-121.zip,202302131028,西条市西田,甲512-3,,,西条市西田甲512-3,33.893552,133.15716
453,93785,38206-5003-121.zip,202302131028,西条市西田,甲513-1,,,西条市西田甲513-1,33.893552,133.15716
454,93786,38206-5003-121.zip,202302131028,西条市西田,甲513-2,,,西条市西田甲513-2,33.893552,133.15716
455,93787,38206-5003-121.zip,202302131028,西条市西田,甲514-1,,,西条市西田甲514-1,0.0,0.0
456,93788,38206-5003-121.zip,202302131028,西条市西田,甲514-2,,,西条市西田甲514-2,33.893176,133.156305
457,93789,38206-5003-121.zip,202302131028,西条市西田,甲514-4,,,西条市西田甲514-4,33.893176,133.156305
458,93790,38206-5003-121.zip,202302131028,西条市西田,甲514-5,,,西条市西田甲514-5,33.893176,133.156305
459,93791,38206-5003-121.zip,202302131028,西条市西田,甲515-1,,,西条市西田甲515-1,33.893271,133.156443
460,93792,38206-5003-121.zip,202302131028,西条市西田,甲515-3,,,西条市西田甲515-3,33.893278,133.156446
461,93793,38206-5003-121.zip,202302131028,西条市西田,甲521-2,,,西条市西田甲521-2,33.893158,133.156229
462,93794,38206-5003-121.zip,202302131028,西条市西田,甲521-3,,,西条市西田甲521-3,33.893176,133.156237
463,93795,38206-5003-121.zip,202302131028,西条市西田,甲521-4,,,西条市西田甲521-4,33.893176,133.156237
464,93796,38206-5003-121.zip,202302131028,西条市西田,甲522-1,,,西条市西田甲522-1,33.893305,133.15638
465,93797,38206-5003-121.zip,202302131028,西条市西田,甲522-2,,,西条市西田甲522-2,33.893329,133.156258
466,93798,38206-5003-121.zip,202302131028,西条市西田,甲523-1,,,西条市西田甲523-1,33.893273,133.155964
467,93799,38206-5003-121.zip,202302131028,西条市西田,甲523-2,,,西条市西田甲523-2,33.893382,133.156039
468,93800,38206-5003-121.zip,202302131028,西条市西田,甲523-3,,,西条市西田甲523-3,33.89328,133.155933
469,93801,38206-5003-121.zip,202302131028,西条市西田,甲523-4,,,西条市西田甲523-4,33.89328,133.155933
470,93802,38206-5003-121.zip,202302131028,西条市西田,甲526,,,西条市西田甲526,33.893481,133.155692
471,93803,38206-5003-121.zip,202302131028,西条市西田,甲526-1,,,西条市西田甲526-1,33.893481,133.155692
472,93804,38206-5003-121.zip,202302131028,西条市西田,甲527-2,,,西条市西田甲527-2,33.893488,133.156039
473,93805,38206-5003-121.zip,202302131028,西条市西田,甲527-4,,,西条市西田甲527-4,33.893544,133.156035
474,93806,38206-5003-121.zip,202302131028,西条市西田,甲528-1,,,西条市西田甲528-1,33.893487,133.156389
475,93807,38206-5003-121.zip,202302131028,西条市西田,甲528-2,,,西条市西田甲528-2,33.893552,133.15716
476,93808,38206-5003-121.zip,202302131028,西条市西田,甲528-3,,,西条市西田甲528-3,33.893552,133.15716
477,93809,38206-5003-121.zip,202302131028,西条市西田,甲529,,,西条市西田甲529,33.893498,133.156586
478,93810,38206-5003-121.zip,202302131028,西条市西田,甲529-1,,,西条市西田甲529-1,33.893498,133.156586
479,93811,38206-5003-121.zip,202302131028,西条市西田,甲530-1,,,西条市西田甲530-1,33.893867,133.15668
480,93812,38206-5003-121.zip,202302131028,西条市西田,甲530-2,,,西条市西田甲530-2,33.893867,133.15668
481,93813,38206-5003-121.zip,202302131028,西条市西田,甲530-4,,,西条市西田甲530-4,33.893867,133.15668
482,93814,38206-5003-121.zip,202302131028,西条市西田,甲530-5,,,西条市西田甲530-5,33.893867,133.15668
483,93815,38206-5003-121.zip,202302131028,西条市西田,甲530-6,,,西条市西田甲530-6,33.893867,133.15668
484,93816,38206-5003-121.zip,202302131028,西条市西田,甲530-7,,,西条市西田甲530-7,33.893831,133.156525
485,93817,38206-5003-121.zip,202302131028,西条市西田,甲530-9,,,西条市西田甲530-9,33.893867,133.15668
486,93818,38206-5003-121.zip,202302131028,西条市西田,甲531,,,西条市西田甲531,33.893701,133.156907
487,93819,38206-5003-121.zip,202302131028,西条市西田,甲532-1,,,西条市西田甲532-1,33.893762,133.157234
488,93820,38206-5003-121.zip,202302131028,西条市西田,甲532-3,,,西条市西田甲532-3,0.0,0.0
489,93821,38206-5003-121.zip,202302131028,西条市西田,甲533,,,西条市西田甲533,33.893552,133.15716
490,93822,38206-5003-121.zip,202302131028,西条市西田,甲534-2,,,西条市西田甲534-2,0.0,0.0
491,93823,38206-5003-121.zip,202302131028,西条市西田,甲534-5,,,西条市西田甲534-5,33.893873,133.156988
492,93824,38206-5003-121.zip,202302131028,西条市西田,甲534-7,,,西条市西田甲534-7,33.893922,133.157251
493,93825,38206-5003-121.zip,202302131028,西条市西田,甲534-8,,,西条市西田甲534-8,33.894067,133.157093
494,93826,38206-5003-121.zip,202302131028,西条市西田,甲534-9,,,西条市西田甲534-9,33.893922,133.157251
495,93827,38206-5003-121.zip,202302131028,西条市西田,甲536-1,,,西条市西田甲536-1,33.894235,133.156925
496,93828,38206-5003-121.zip,202302131028,西条市西田,甲536-3,,,西条市西田甲536-3,33.894253,133.157122
497,93829,38206-5003-121.zip,202302131028,西条市西田,甲538-1,,,西条市西田甲538-1,33.894387,133.156894
498,93830,38206-5003-121.zip,202302131028,西条市西田,甲538-2,,,西条市西田甲538-2,33.894378,133.157083
499,93831,38206-5003-121.zip,202302131028,西条市西田,甲538-4,,,西条市西田甲538-4,33.894387,133.156894
500,93832,38206-5003-121.zip,202302131028,西条市西田,甲538-5,,,西条市西田甲538-5,33.894387,133.156894
501,93833,38206-5003-121.zip,202302131028,西条市西田,甲538-7,,,西条市西田甲538-7,33.894387,133.156894
502,93834,38206-5003-121.zip,202302131028,西条市西田,甲538-9,,,西条市西田甲538-9,33.894387,133.156894
503,93835,38206-5003-121.zip,202302131028,西条市西田,甲539-2,,,西条市西田甲539-2,33.894695,133.157023
504,93836,38206-5003-121.zip,202302131028,西条市西田,甲539-3,,,西条市西田甲539-3,33.894643,133.157143
505,93837,38206-5003-121.zip,202302131028,西条市西田,甲541,,,西条市西田甲541,33.893096,133.15655
506,93838,38206-5003-121.zip,202302131028,西条市西田,甲544,,,西条市西田甲544,33.893552,133.15716
507,93839,38206-5003-121.zip,202302131028,西条市西田,甲547-1,,,西条市西田甲547-1,33.893552,133.15716
508,93840,38206-5003-121.zip,202302131028,西条市西田,甲547-2,,,西条市西田甲547-2,33.893552,133.15716
509,93841,38206-5003-121.zip,202302131028,西条市西田,甲547-4,,,西条市西田甲547-4,33.893552,133.15716
510,93842,38206-5003-121.zip,202302131028,西条市西田,甲547-5,,,西条市西田甲547-5,33.893552,133.15716
511,93843,38206-5003-121.zip,202302131028,西条市西田,甲548-1,,,西条市西田甲548-1,33.893552,133.15716
512,93844,38206-5003-121.zip,202302131028,西条市西田,甲548-2,,,西条市西田甲548-2,33.893552,133.15716
513,93845,38206-5003-121.zip,202302131028,西条市西田,甲548-4,,,西条市西田甲548-4,33.893552,133.15716
514,93846,38206-5003-121.zip,202302131028,西条市西田,甲548-5,,,西条市西田甲548-5,33.893552,133.15716
515,93847,38206-5003-121.zip,202302131028,西条市西田,甲548-6,,,西条市西田甲548-6,33.893552,133.15716
516,93848,38206-5003-121.zip,202302131028,西条市西田,甲550-1,,,西条市西田甲550-1,33.894435,133.156122
517,93849,38206-5003-121.zip,202302131028,西条市西田,甲550-2,,,西条市西田甲550-2,33.894306,133.156006
518,93850,38206-5003-121.zip,202302131028,西条市西田,甲550-4,,,西条市西田甲550-4,33.894435,133.156122
519,93851,38206-5003-121.zip,202302131028,西条市西田,甲550-5,,,西条市西田甲550-5,33.894435,133.156122
520,93852,38206-5003-121.zip,202302131028,西条市西田,甲550-6,,,西条市西田甲550-6,33.894435,133.156122
521,93853,38206-5003-121.zip,202302131028,西条市西田,甲552-1,,,西条市西田甲552-1,33.894823,133.155886
522,93854,38206-5003-121.zip,202302131028,西条市西田,甲552-2,,,西条市西田甲552-2,33.894087,133.155888
523,93855,38206-5003-121.zip,202302131028,西条市西田,甲552-4,,,西条市西田甲552-4,33.894436,133.155858
524,93856,38206-5003-121.zip,202302131028,西条市西田,甲553,,,西条市西田甲553,33.893552,133.15716
525,93857,38206-5003-121.zip,202302131028,西条市西田,甲554-1,,,西条市西田甲554-1,33.894161,133.156424
526,93858,38206-5003-121.zip,202302131028,西条市西田,甲554-2,,,西条市西田甲554-2,33.894161,133.156424
527,93859,38206-5003-121.zip,202302131028,西条市西田,甲554-3,,,西条市西田甲554-3,0.0,0.0
528,93860,38206-5003-121.zip,202302131028,西条市西田,甲555-1,,,西条市西田甲555-1,33.893552,133.15716
529,93861,38206-5003-121.zip,202302131028,西条市西田,甲555-2,,,西条市西田甲555-2,33.893552,133.15716
530,93862,38206-5003-121.zip,202302131028,西条市西田,甲555-5,,,西条市西田甲555-5,33.893552,133.15716
531,93863,38206-5003-121.zip,202302131028,西条市西田,甲555-6,,,西条市西田甲555-6,33.893552,133.15716
532,93864,38206-5003-121.zip,202302131028,西条市西田,甲555-7,,,西条市西田甲555-7,33.893552,133.15716
533,93865,38206-5003-121.zip,202302131028,西条市西田,甲556-1,,,西条市西田甲556-1,33.893883,133.156058
534,93866,38206-5003-121.zip,202302131028,西条市西田,甲556-2,,,西条市西田甲556-2,33.893883,133.156058
535,93867,38206-5003-121.zip,202302131028,西条市西田,甲556-4,,,西条市西田甲556-4,33.893883,133.156058
536,93868,38206-5003-121.zip,202302131028,西条市西田,甲556-5,,,西条市西田甲556-5,33.893883,133.156058
537,93869,38206-5003-121.zip,202302131028,西条市西田,甲556-6,,,西条市西田甲556-6,33.893883,133.156058
538,93870,38206-5003-121.zip,202302131028,西条市西田,甲557-1,,,西条市西田甲557-1,33.893552,133.15716
539,93871,38206-5003-121.zip,202302131028,西条市西田,甲557-4,,,西条市西田甲557-4,33.893787,133.15587
540,93872,38206-5003-121.zip,202302131028,西条市西田,甲557-5,,,西条市西田甲557-5,33.893552,133.15716
541,93873,38206-5003-121.zip,202302131028,西条市西田,甲557-6,,,西条市西田甲557-6,33.893552,133.15716
542,93874,38206-5003-121.zip,202302131028,西条市西田,甲557-7,,,西条市西田甲557-7,33.893552,133.15716
543,93875,38206-5003-121.zip,202302131028,西条市西田,甲557-8,,,西条市西田甲557-8,33.893552,133.15716
544,93876,38206-5003-121.zip,202302131028,西条市西田,甲560,,,西条市西田甲560,33.893942,133.155812
545,93877,38206-5003-121.zip,202302131028,西条市西田,甲564-1,,,西条市西田甲564-1,33.894219,133.155898
546,93878,38206-5003-121.zip,202302131028,西条市西田,甲564-2,,,西条市西田甲564-2,33.894082,133.155691
547,93879,38206-5003-121.zip,202302131028,西条市西田,甲564-4,,,西条市西田甲564-4,33.894219,133.155898
548,93880,38206-5003-121.zip,202302131028,西条市西田,甲565-2,,,西条市西田甲565-2,33.894962,133.155276
549,93881,38206-5003-121.zip,202302131028,西条市西田,甲566-1,,,西条市西田甲566-1,33.893552,133.15716
550,93882,38206-5003-121.zip,202302131028,西条市西田,甲566-2,,,西条市西田甲566-2,33.893552,133.15716
551,93883,38206-5003-121.zip,202302131028,西条市西田,甲566-3,,,西条市西田甲566-3,33.893552,133.15716
552,93884,38206-5003-121.zip,202302131028,西条市西田,甲566-5,,,西条市西田甲566-5,33.893552,133.15716
553,93885,38206-5003-121.zip,202302131028,西条市西田,甲567,,,西条市西田甲567,33.893552,133.15716
554,93886,38206-5003-121.zip,202302131028,西条市西田,甲568,,,西条市西田甲568,33.893552,133.15716
555,93887,38206-5003-121.zip,202302131028,西条市西田,甲569-1,,,西条市西田甲569-1,33.893677,133.155463
556,93888,38206-5003-121.zip,202302131028,西条市西田,甲570-1,,,西条市西田甲570-1,33.893552,133.15716
557,93889,38206-5003-121.zip,202302131028,西条市西田,甲570-3,,,西条市西田甲570-3,33.893552,133.15716
558,93890,38206-5003-121.zip,202302131028,西条市西田,甲571-1,,,西条市西田甲571-1,33.893637,133.155207
559,93891,38206-5003-121.zip,202302131028,西条市西田,甲571-3,,,西条市西田甲571-3,33.893633,133.155201
560,93892,38206-5003-121.zip,202302131028,西条市西田,甲573,,,西条市西田甲573,33.893552,133.15716
561,93893,38206-5003-121.zip,202302131028,西条市西田,甲574,,,西条市西田甲574,33.893552,133.15716
562,93894,38206-5003-121.zip,202302131028,西条市西田,甲575,,,西条市西田甲575,33.893552,133.15716
563,93895,38206-5003-121.zip,202302131028,西条市西田,甲576,,,西条市西田甲576,33.893552,133.15716
564,93896,38206-5003-121.zip,202302131028,西条市西田,甲577,,,西条市西田甲577,33.893552,133.15716
565,93897,38206-5003-121.zip,202302131028,西条市西田,甲578,,,西条市西田甲578,33.893552,133.15716
566,93898,38206-5003-121.zip,202302131028,西条市西田,甲579,,,西条市西田甲579,33.893552,133.15716
567,93899,38206-5003-121.zip,202302131028,西条市西田,甲580,,,西条市西田甲580,33.893552,133.15716
568,93900,38206-5003-121.zip,202302131028,西条市西田,甲581-1,,,西条市西田甲581-1,33.893552,133.15716
569,93901,38206-5003-121.zip,202302131028,西条市西田,甲581-3,,,西条市西田甲581-3,33.893552,133.15716
570,93902,38206-5003-121.zip,202302131028,西条市西田,甲581-4,,,西条市西田甲581-4,33.893552,133.15716
571,93903,38206-5003-121.zip,202302131028,西条市西田,甲581-5,,,西条市西田甲581-5,33.893552,133.15716
572,93904,38206-5003-121.zip,202302131028,西条市西田,甲581-6,,,西条市西田甲581-6,33.893552,133.15716
573,93905,38206-5003-121.zip,202302131028,西条市西田,甲581-7,,,西条市西田甲581-7,33.893552,133.15716
574,93906,38206-5003-121.zip,202302131028,西条市西田,甲584-1,,,西条市西田甲584-1,33.893552,133.15716
575,93907,38206-5003-121.zip,202302131028,西条市西田,甲584-2,,,西条市西田甲584-2,33.893552,133.15716
576,93908,38206-5003-121.zip,202302131028,西条市西田,甲585-1,,,西条市西田甲585-1,33.893552,133.15716
577,93909,38206-5003-121.zip,202302131028,西条市西田,甲585-2,,,西条市西田甲585-2,33.893552,133.15716
578,93910,38206-5003-121.zip,202302131028,西条市西田,甲586-1,,,西条市西田甲586-1,33.893552,133.15716
579,93911,38206-5003-121.zip,202302131028,西条市西田,甲587-1,,,西条市西田甲587-1,33.893552,133.15716
580,93912,38206-5003-121.zip,202302131028,西条市西田,甲587-2,,,西条市西田甲587-2,33.893552,133.15716
581,93913,38206-5003-121.zip,202302131028,西条市西田,甲588-1,,,西条市西田甲588-1,33.893552,133.15716
582,93914,38206-5003-121.zip,202302131028,西条市西田,甲588-3,,,西条市西田甲588-3,33.893552,133.15716
583,93915,38206-5003-121.zip,202302131028,西条市西田,甲589-1,,,西条市西田甲589-1,33.893552,133.15716
584,93916,38206-5003-121.zip,202302131028,西条市西田,甲589-3,,,西条市西田甲589-3,33.893552,133.15716
585,93917,38206-5003-121.zip,202302131028,西条市西田,甲589-5,,,西条市西田甲589-5,33.893552,133.15716
586,93918,38206-5003-121.zip,202302131028,西条市西田,甲589-7,,,西条市西田甲589-7,33.893552,133.15716
587,93919,38206-5003-121.zip,202302131028,西条市西田,甲589-8,,,西条市西田甲589-8,33.893552,133.15716
588,93920,38206-5003-121.zip,202302131028,西条市西田,甲590-2,,,西条市西田甲590-2,33.894981,133.153787
589,93921,38206-5003-121.zip,202302131028,西条市西田,甲590-4,,,西条市西田甲590-4,33.895222,133.153818
590,93922,38206-5003-121.zip,202302131028,西条市西田,甲590-5,,,西条市西田甲590-5,33.894942,133.153769
591,93923,38206-5003-121.zip,202302131028,西条市西田,甲590-6,,,西条市西田甲590-6,33.895048,133.153858
592,93924,38206-5003-121.zip,202302131028,西条市西田,甲590-7,,,西条市西田甲590-7,0.0,0.0
593,93925,38206-5003-121.zip,202302131028,西条市西田,甲591-2,,,西条市西田甲591-2,33.8944,133.153521
594,93926,38206-5003-121.zip,202302131028,西条市西田,甲592-1,,,西条市西田甲592-1,33.893337,133.153555
595,93927,38206-5003-121.zip,202302131028,西条市西田,甲592-3,,,西条市西田甲592-3,33.893313,133.153579
596,93928,38206-5003-121.zip,202302131028,西条市西田,甲593-1,,,西条市西田甲593-1,33.893552,133.15716
597,93929,38206-5003-121.zip,202302131028,西条市西田,甲593-2,,,西条市西田甲593-2,33.893552,133.15716
598,93930,38206-5003-121.zip,202302131028,西条市西田,甲593-3,,,西条市西田甲593-3,33.893552,133.15716
599,93931,38206-5003-121.zip,202302131028,西条市西田,甲595-2,,,西条市西田甲595-2,33.893552,133.15716
600,93932,38206-5003-121.zip,202302131028,西条市西田,甲596-2,,,西条市西田甲596-2,33.893552,133.15716
601,93933,38206-5003-121.zip,202302131028,西条市西田,甲598-1,,,西条市西田甲598-1,33.893714,133.153042
602,93934,38206-5003-121.zip,202302131028,西条市西田,甲598-2,,,西条市西田甲598-2,33.893256,133.153465
603,93935,38206-5003-121.zip,202302131028,西条市西田,甲598-3,,,西条市西田甲598-3,33.893714,133.153042
604,93936,38206-5003-121.zip,202302131028,西条市西田,甲598-5,,,西条市西田甲598-5,33.893953,133.153087
605,93937,38206-5003-121.zip,202302131028,西条市西田,甲598-6,,,西条市西田甲598-6,33.893239,133.153115
606,93938,38206-5003-121.zip,202302131028,西条市西田,甲598-7,,,西条市西田甲598-7,33.893714,133.153042
607,93939,38206-5003-121.zip,202302131028,西条市西田,甲598-8,,,西条市西田甲598-8,0.0,0.0
608,93940,38206-5003-121.zip,202302131028,西条市西田,甲598-9,,,西条市西田甲598-9,33.893714,133.153042
609,93941,38206-5003-121.zip,202302131028,西条市西田,甲598-10,,,西条市西田甲598-10,33.893714,133.153042
610,93942,38206-5003-121.zip,202302131028,西条市西田,甲598-11,,,西条市西田甲598-11,33.893714,133.153042
611,93943,38206-5003-121.zip,202302131028,西条市西田,甲598-12,,,西条市西田甲598-12,33.893714,133.153042
612,93944,38206-5003-121.zip,202302131028,西条市西田,甲600,,,西条市西田甲600,33.892863,133.152897
613,93945,38206-5003-121.zip,202302131028,西条市西田,甲601-2,,,西条市西田甲601-2,33.893552,133.15716
614,93946,38206-5003-121.zip,202302131028,西条市西田,甲602-1,,,西条市西田甲602-1,33.893063,133.1536
615,93947,38206-5003-121.zip,202302131028,西条市西田,甲602-2,,,西条市西田甲602-2,33.892806,133.15356
616,93948,38206-5003-121.zip,202302131028,西条市西田,甲602-3,,,西条市西田甲602-3,33.892816,133.153517
617,93949,38206-5003-121.zip,202302131028,西条市西田,甲603,,,西条市西田甲603,33.892888,133.153818
618,93950,38206-5003-121.zip,202302131028,西条市西田,甲604-1,,,西条市西田甲604-1,33.893018,133.153884
619,93951,38206-5003-121.zip,202302131028,西条市西田,甲604-2,,,西条市西田甲604-2,33.893018,133.153884
620,93952,38206-5003-121.zip,202302131028,西条市西田,甲605-1,,,西条市西田甲605-1,33.893154,133.153997
621,93953,38206-5003-121.zip,202302131028,西条市西田,甲605-2,,,西条市西田甲605-2,33.893132,133.153995
622,93954,38206-5003-121.zip,202302131028,西条市西田,甲605-3,,,西条市西田甲605-3,33.893154,133.153997
623,93955,38206-5003-121.zip,202302131028,西条市西田,甲605-4,,,西条市西田甲605-4,33.893154,133.153997
624,93956,38206-5003-121.zip,202302131028,西条市西田,甲605-5,,,西条市西田甲605-5,33.893154,133.153997
625,93957,38206-5003-121.zip,202302131028,西条市西田,甲606,,,西条市西田甲606,33.893552,133.15716
626,93958,38206-5003-121.zip,202302131028,西条市西田,甲607,,,西条市西田甲607,33.893552,133.15716
627,93959,38206-5003-121.zip,202302131028,西条市西田,甲608-1,,,西条市西田甲608-1,33.893552,133.15716
628,93960,38206-5003-121.zip,202302131028,西条市西田,甲608-2,,,西条市西田甲608-2,33.893552,133.15716
629,93961,38206-5003-121.zip,202302131028,西条市西田,甲608-3,,,西条市西田甲608-3,33.893552,133.15716
630,93962,38206-5003-121.zip,202302131028,西条市西田,甲608-4,,,西条市西田甲608-4,33.893552,133.15716
631,93963,38206-5003-121.zip,202302131028,西条市西田,甲609-1,,,西条市西田甲609-1,33.893294,133.155125
632,93964,38206-5003-121.zip,202302131028,西条市西田,甲609-2,,,西条市西田甲609-2,33.893392,133.155062
633,93965,38206-5003-121.zip,202302131028,西条市西田,甲609-3,,,西条市西田甲609-3,33.893392,133.155062
634,93966,38206-5003-121.zip,202302131028,西条市西田,甲610,,,西条市西田甲610,33.893552,133.15716
635,93967,38206-5003-121.zip,202302131028,西条市西田,甲611-1,,,西条市西田甲611-1,33.893552,133.15716
636,93968,38206-5003-121.zip,202302131028,西条市西田,甲611-2,,,西条市西田甲611-2,33.893552,133.15716
637,93969,38206-5003-121.zip,202302131028,西条市西田,甲612,,,西条市西田甲612,33.893552,133.15716
638,93970,38206-5003-121.zip,202302131028,西条市西田,甲613,,,西条市西田甲613,33.893552,133.15716
639,93971,38206-5003-121.zip,202302131028,西条市西田,甲614,,,西条市西田甲614,33.893552,133.15716
640,93972,38206-5003-121.zip,202302131028,西条市西田,甲615,,,西条市西田甲615,33.893552,133.15716
641,93973,38206-5003-121.zip,202302131028,西条市西田,甲616,,,西条市西田甲616,33.893552,133.15716
642,93974,38206-5003-121.zip,202302131028,西条市西田,甲617,,,西条市西田甲617,33.893552,133.15716
643,93975,38206-5003-121.zip,202302131028,西条市西田,甲618,,,西条市西田甲618,33.893552,133.15716
644,93976,38206-5003-121.zip,202302131028,西条市西田,甲619,,,西条市西田甲619,33.893552,133.15716
645,93977,38206-5003-121.zip,202302131028,西条市西田,甲620,,,西条市西田甲620,33.893552,133.15716
646,93978,38206-5003-121.zip,202302131028,西条市西田,甲621,,,西条市西田甲621,33.893552,133.15716
647,93979,38206-5003-121.zip,202302131028,西条市西田,甲622,,,西条市西田甲622,33.893552,133.15716
648,93980,38206-5003-121.zip,202302131028,西条市西田,甲623,,,西条市西田甲623,33.893552,133.15716
649,93981,38206-5003-121.zip,202302131028,西条市西田,甲624,,,西条市西田甲624,33.893552,133.15716
650,93982,38206-5003-121.zip,202302131028,西条市西田,甲625,,,西条市西田甲625,33.893552,133.15716
651,93983,38206-5003-121.zip,202302131028,西条市西田,甲627-1,,,西条市西田甲627-1,33.893552,133.15716
652,93984,38206-5003-121.zip,202302131028,西条市西田,甲628-1,,,西条市西田甲628-1,33.893552,133.15716
653,93985,38206-5003-121.zip,202302131028,西条市西田,甲628-2,,,西条市西田甲628-2,33.893552,133.15716
654,93986,38206-5003-121.zip,202302131028,西条市西田,甲629-1,,,西条市西田甲629-1,33.893552,133.15716
655,93987,38206-5003-121.zip,202302131028,西条市西田,甲629-2,,,西条市西田甲629-2,33.893552,133.15716
656,93988,38206-5003-121.zip,202302131028,西条市西田,甲630,,,西条市西田甲630,33.893552,133.15716
657,93989,38206-5003-121.zip,202302131028,西条市西田,甲631-1,,,西条市西田甲631-1,33.893552,133.15716
658,93990,38206-5003-121.zip,202302131028,西条市西田,甲631-2,,,西条市西田甲631-2,33.893552,133.15716
659,93991,38206-5003-121.zip,202302131028,西条市西田,甲632,,,西条市西田甲632,33.893552,133.15716
660,93992,38206-5003-121.zip,202302131028,西条市西田,甲633,,,西条市西田甲633,33.893552,133.15716
661,93993,38206-5003-121.zip,202302131028,西条市西田,甲634,,,西条市西田甲634,33.893552,133.15716
662,93994,38206-5003-121.zip,202302131028,西条市西田,甲635,,,西条市西田甲635,33.893552,133.15716
663,93995,38206-5003-121.zip,202302131028,西条市西田,甲637,,,西条市西田甲637,33.893552,133.15716
664,93996,38206-5003-121.zip,202302131028,西条市西田,甲639,,,西条市西田甲639,33.892045,133.156313
665,93997,38206-5003-121.zip,202302131028,西条市西田,甲640-1,,,西条市西田甲640-1,33.893552,133.15716
666,93998,38206-5003-121.zip,202302131028,西条市西田,甲640-2,,,西条市西田甲640-2,33.893552,133.15716
667,93999,38206-5003-121.zip,202302131028,西条市西田,甲641-1,,,西条市西田甲641-1,33.89261,133.156562
668,94000,38206-5003-121.zip,202302131028,西条市西田,甲641-2,,,西条市西田甲641-2,33.89261,133.156562
669,94001,38206-5003-121.zip,202302131028,西条市西田,甲642-1,,,西条市西田甲642-1,33.893552,133.15716
670,94002,38206-5003-121.zip,202302131028,西条市西田,甲642-2,,,西条市西田甲642-2,33.893552,133.15716
671,94003,38206-5003-121.zip,202302131028,西条市西田,甲643,,,西条市西田甲643,33.893552,133.15716
672,94004,38206-5003-121.zip,202302131028,西条市西田,甲644,,,西条市西田甲644,33.892428,133.156447
673,94005,38206-5003-121.zip,202302131028,西条市西田,甲645,,,西条市西田甲645,33.893552,133.15716
674,94006,38206-5003-121.zip,202302131028,西条市西田,甲646-1,,,西条市西田甲646-1,33.893552,133.15716
675,94007,38206-5003-121.zip,202302131028,西条市西田,甲646-2,,,西条市西田甲646-2,33.893552,133.15716
676,94008,38206-5003-121.zip,202302131028,西条市西田,甲646-3,,,西条市西田甲646-3,33.893552,133.15716
677,94009,38206-5003-121.zip,202302131028,西条市西田,甲647-1,,,西条市西田甲647-1,33.892376,133.156704
678,94010,38206-5003-121.zip,202302131028,西条市西田,甲647-2,,,西条市西田甲647-2,33.892376,133.156704
679,94011,38206-5003-121.zip,202302131028,西条市西田,甲647-3,,,西条市西田甲647-3,0.0,0.0
680,94012,38206-5003-121.zip,202302131028,西条市西田,甲647-4,,,西条市西田甲647-4,33.892376,133.156704
681,94013,38206-5003-121.zip,202302131028,西条市西田,甲649-2,,,西条市西田甲649-2,33.892611,133.156608
682,94014,38206-5003-121.zip,202302131028,西条市西田,甲651,,,西条市西田甲651,33.893552,133.15716
683,94015,38206-5003-121.zip,202302131028,西条市西田,甲652,,,西条市西田甲652,33.893552,133.15716
684,94016,38206-5003-121.zip,202302131028,西条市西田,甲654,,,西条市西田甲654,33.892484,133.156124
685,94017,38206-5003-121.zip,202302131028,西条市西田,甲655,,,西条市西田甲655,33.893552,133.15716
686,94018,38206-5003-121.zip,202302131028,西条市西田,甲657,,,西条市西田甲657,33.893552,133.15716
687,94019,38206-5003-121.zip,202302131028,西条市西田,甲658,,,西条市西田甲658,33.893552,133.15716
688,94020,38206-5003-121.zip,202302131028,西条市西田,甲659-1,,,西条市西田甲659-1,33.893552,133.15716
689,94021,38206-5003-121.zip,202302131028,西条市西田,甲659-3,,,西条市西田甲659-3,33.893552,133.15716
690,94022,38206-5003-121.zip,202302131028,西条市西田,甲659-4,,,西条市西田甲659-4,33.893552,133.15716
691,94023,38206-5003-121.zip,202302131028,西条市西田,甲660,,,西条市西田甲660,33.893552,133.15716
692,94024,38206-5003-121.zip,202302131028,西条市西田,甲663,,,西条市西田甲663,33.893552,133.15716
693,94025,38206-5003-121.zip,202302131028,西条市西田,甲664,,,西条市西田甲664,33.893552,133.15716
694,94026,38206-5003-121.zip,202302131028,西条市西田,甲665,,,西条市西田甲665,33.893552,133.15716
695,94027,38206-5003-121.zip,202302131028,西条市西田,甲666,,,西条市西田甲666,33.893552,133.15716
696,94028,38206-5003-121.zip,202302131028,西条市西田,甲667,,,西条市西田甲667,33.893552,133.15716
697,94029,38206-5003-121.zip,202302131028,西条市西田,甲668,,,西条市西田甲668,33.893552,133.15716
698,94030,38206-5003-121.zip,202302131028,西条市西田,甲669,,,西条市西田甲669,33.893552,133.15716
699,94031,38206-5003-121.zip,202302131028,西条市西田,甲670,,,西条市西田甲670,33.893552,133.15716
700,94032,38206-5003-121.zip,202302131028,西条市西田,甲671,,,西条市西田甲671,33.893552,133.15716
701,94033,38206-5003-121.zip,202302131028,西条市西田,甲672-1,,,西条市西田甲672-1,33.893552,133.15716
702,94034,38206-5003-121.zip,202302131028,西条市西田,甲672-2,,,西条市西田甲672-2,33.893552,133.15716
703,94035,38206-5003-121.zip,202302131028,西条市西田,甲672-3,,,西条市西田甲672-3,33.893552,133.15716
704,94036,38206-5003-121.zip,202302131028,西条市西田,甲672-4,,,西条市西田甲672-4,33.893552,133.15716
705,94037,38206-5003-121.zip,202302131028,西条市西田,甲673,,,西条市西田甲673,33.893232,133.15532
706,94038,38206-5003-121.zip,202302131028,西条市西田,甲674-1,,,西条市西田甲674-1,33.893552,133.15716
707,94039,38206-5003-121.zip,202302131028,西条市西田,甲674-2,,,西条市西田甲674-2,33.893552,133.15716
708,94040,38206-5003-121.zip,202302131028,西条市西田,甲675,,,西条市西田甲675,33.893552,133.15716
709,94041,38206-5003-121.zip,202302131028,西条市西田,甲676,,,西条市西田甲676,33.893552,133.15716
710,94042,38206-5003-121.zip,202302131028,西条市西田,甲679-1,,,西条市西田甲679-1,33.893552,133.15716
711,94043,38206-5003-121.zip,202302131028,西条市西田,甲680,,,西条市西田甲680,33.893104,133.155815
712,94044,38206-5003-121.zip,202302131028,西条市西田,甲681-1,,,西条市西田甲681-1,33.892964,133.156266
713,94045,38206-5003-121.zip,202302131028,西条市西田,甲681-2,,,西条市西田甲681-2,33.89301,133.156077
714,94046,38206-5003-121.zip,202302131028,西条市西田,甲682,,,西条市西田甲682,33.892956,133.156039
715,94047,38206-5003-121.zip,202302131028,西条市西田,甲683-1,,,西条市西田甲683-1,33.893552,133.15716
716,94048,38206-5003-121.zip,202302131028,西条市西田,甲683-2,,,西条市西田甲683-2,33.893552,133.15716
717,94049,38206-5003-121.zip,202302131028,西条市西田,甲683-3,,,西条市西田甲683-3,33.893552,133.15716
718,94050,38206-5003-121.zip,202302131028,西条市西田,甲684,,,西条市西田甲684,33.893552,133.15716
719,94051,38206-5003-121.zip,202302131028,西条市西田,甲685,,,西条市西田甲685,33.892734,133.156304
720,94052,38206-5003-121.zip,202302131028,西条市西田,甲687,,,西条市西田甲687,33.892838,133.156229
721,94053,38206-5003-121.zip,202302131028,西条市西田,甲688,,,西条市西田甲688,33.89279,133.156546
722,94054,38206-5003-121.zip,202302131028,西条市西田,甲689,,,西条市西田甲689,33.892857,133.156758
723,94055,38206-5003-121.zip,202302131028,西条市西田,甲690-1,,,西条市西田甲690-1,33.892637,133.157125
724,94056,38206-5003-121.zip,202302131028,西条市西田,甲690-3,,,西条市西田甲690-3,33.892776,133.1572
725,94057,38206-5003-121.zip,202302131028,西条市西田,甲691,,,西条市西田甲691,0.0,0.0
726,94058,38206-5003-121.zip,202302131028,西条市西田,甲692-1,,,西条市西田甲692-1,33.892717,133.157714
727,94059,38206-5003-121.zip,202302131028,西条市西田,甲692-2,,,西条市西田甲692-2,33.892345,133.157364
728,94060,38206-5003-121.zip,202302131028,西条市西田,甲692-3,,,西条市西田甲692-3,33.89234,133.157383
729,94061,38206-5003-121.zip,202302131028,西条市西田,甲694-1,,,西条市西田甲694-1,33.892613,133.157819
730,94062,38206-5003-121.zip,202302131028,西条市西田,甲694-2,,,西条市西田甲694-2,33.892613,133.157819
731,94063,38206-5003-121.zip,202302131028,西条市西田,甲695-2,,,西条市西田甲695-2,33.893552,133.15716
732,94064,38206-5003-121.zip,202302131028,西条市西田,甲696,,,西条市西田甲696,33.893552,133.15716
733,94065,38206-5003-121.zip,202302131028,西条市西田,甲697,,,西条市西田甲697,33.893552,133.15716
734,94066,38206-5003-121.zip,202302131028,西条市西田,甲698,,,西条市西田甲698,33.893552,133.15716
735,94067,38206-5003-121.zip,202302131028,西条市西田,甲699,,,西条市西田甲699,33.893552,133.15716
736,94068,38206-5003-121.zip,202302131028,西条市西田,甲700,,,西条市西田甲700,33.893552,133.15716
737,94069,38206-5003-121.zip,202302131028,西条市西田,甲701,,,西条市西田甲701,33.893552,133.15716
738,94070,38206-5003-121.zip,202302131028,西条市西田,甲702,,,西条市西田甲702,33.893552,133.15716
739,94071,38206-5003-121.zip,202302131028,西条市西田,甲703,,,西条市西田甲703,33.893552,133.15716
740,94072,38206-5003-121.zip,202302131028,西条市西田,甲704,,,西条市西田甲704,33.893552,133.15716
741,94073,38206-5003-121.zip,202302131028,西条市西田,甲705,,,西条市西田甲705,33.893552,133.15716
742,94074,38206-5003-121.zip,202302131028,西条市西田,甲706,,,西条市西田甲706,33.893552,133.15716
743,94075,38206-5003-121.zip,202302131028,西条市西田,甲707-1,,,西条市西田甲707-1,33.893552,133.15716
744,94076,38206-5003-121.zip,202302131028,西条市西田,甲707-2,,,西条市西田甲707-2,33.893552,133.15716
745,94077,38206-5003-121.zip,202302131028,西条市西田,甲708,,,西条市西田甲708,33.893552,133.15716
746,94078,38206-5003-121.zip,202302131028,西条市西田,甲709-1,,,西条市西田甲709-1,33.893552,133.15716
747,94079,38206-5003-121.zip,202302131028,西条市西田,甲709-2,,,西条市西田甲709-2,33.893552,133.15716
748,94080,38206-5003-121.zip,202302131028,西条市西田,甲710,,,西条市西田甲710,33.893552,133.15716
749,94081,38206-5003-121.zip,202302131028,西条市西田,甲711,,,西条市西田甲711,33.893552,133.15716
750,94082,38206-5003-121.zip,202302131028,西条市西田,甲712,,,西条市西田甲712,33.893552,133.15716
751,94083,38206-5003-121.zip,202302131028,西条市西田,甲713,,,西条市西田甲713,33.893552,133.15716
752,94084,38206-5003-121.zip,202302131028,西条市西田,甲714-1,,,西条市西田甲714-1,33.893552,133.15716
753,94085,38206-5003-121.zip,202302131028,西条市西田,甲714-4,,,西条市西田甲714-4,33.893552,133.15716
754,94086,38206-5003-121.zip,202302131028,西条市西田,甲715,,,西条市西田甲715,33.893552,133.15716
755,94087,38206-5003-121.zip,202302131028,西条市西田,甲716,,,西条市西田甲716,33.893552,133.15716
756,94088,38206-5003-121.zip,202302131028,西条市西田,甲717,,,西条市西田甲717,33.893552,133.15716
757,94089,38206-5003-121.zip,202302131028,西条市西田,甲718-2,,,西条市西田甲718-2,33.893552,133.15716
758,94090,38206-5003-121.zip,202302131028,西条市西田,甲719-1,,,西条市西田甲719-1,33.893552,133.15716
759,94091,38206-5003-121.zip,202302131028,西条市西田,甲719-3,,,西条市西田甲719-3,33.893552,133.15716
760,94092,38206-5003-121.zip,202302131028,西条市西田,甲721-1,,,西条市西田甲721-1,33.893552,133.15716
761,94093,38206-5003-121.zip,202302131028,西条市西田,甲721-2,,,西条市西田甲721-2,33.893552,133.15716
762,94094,38206-5003-121.zip,202302131028,西条市西田,甲721-3,,,西条市西田甲721-3,33.893552,133.15716
763,94095,38206-5003-121.zip,202302131028,西条市西田,甲721-4,,,西条市西田甲721-4,33.893552,133.15716
764,94096,38206-5003-121.zip,202302131028,西条市西田,甲721-5,,,西条市西田甲721-5,33.893552,133.15716
765,94097,38206-5003-121.zip,202302131028,西条市西田,甲722,,,西条市西田甲722,33.893552,133.15716
766,94098,38206-5003-121.zip,202302131028,西条市西田,甲723,,,西条市西田甲723,33.893552,133.15716
767,94099,38206-5003-121.zip,202302131028,西条市西田,甲726,,,西条市西田甲726,33.893552,133.15716
768,94100,38206-5003-121.zip,202302131028,西条市西田,甲727,,,西条市西田甲727,33.893552,133.15716
769,94101,38206-5003-121.zip,202302131028,西条市西田,甲730,,,西条市西田甲730,33.893552,133.15716
770,94102,38206-5003-121.zip,202302131028,西条市西田,甲731,,,西条市西田甲731,33.893552,133.15716
771,94103,38206-5003-121.zip,202302131028,西条市西田,甲732,,,西条市西田甲732,33.893552,133.15716
772,94104,38206-5003-121.zip,202302131028,西条市西田,甲733,,,西条市西田甲733,33.893552,133.15716
773,94105,38206-5003-121.zip,202302131028,西条市西田,甲734,,,西条市西田甲734,33.893552,133.15716
774,94106,38206-5003-121.zip,202302131028,西条市西田,甲735,,,西条市西田甲735,33.893552,133.15716
775,94107,38206-5003-121.zip,202302131028,西条市西田,甲736,,,西条市西田甲736,33.893552,133.15716
776,94108,38206-5003-121.zip,202302131028,西条市西田,甲738,,,西条市西田甲738,33.893552,133.15716
777,94109,38206-5003-121.zip,202302131028,西条市西田,甲740,,,西条市西田甲740,33.893552,133.15716
778,94110,38206-5003-121.zip,202302131028,西条市西田,甲741-2,,,西条市西田甲741-2,33.893552,133.15716
779,94111,38206-5003-121.zip,202302131028,西条市西田,甲744-1,,,西条市西田甲744-1,33.893552,133.15716
780,94112,38206-5003-121.zip,202302131028,西条市西田,甲744-4,,,西条市西田甲744-4,33.893552,133.15716
781,94113,38206-5003-121.zip,202302131028,西条市西田,甲744-5,,,西条市西田甲744-5,33.893552,133.15716
782,94114,38206-5003-121.zip,202302131028,西条市西田,甲748-2,,,西条市西田甲748-2,33.893552,133.15716
783,94115,38206-5003-121.zip,202302131028,西条市西田,甲749-1,,,西条市西田甲749-1,33.892341,133.15694
784,94116,38206-5003-121.zip,202302131028,西条市西田,甲749-3,,,西条市西田甲749-3,33.892341,133.15694
785,94117,38206-5003-121.zip,202302131028,西条市西田,甲751,,,西条市西田甲751,33.892282,133.157099
786,94118,38206-5003-121.zip,202302131028,西条市西田,甲752-1,,,西条市西田甲752-1,33.893552,133.15716
787,94119,38206-5003-121.zip,202302131028,西条市西田,甲752-2,,,西条市西田甲752-2,33.893552,133.15716
788,94120,38206-5003-121.zip,202302131028,西条市西田,甲753,,,西条市西田甲753,33.893552,133.15716
789,94121,38206-5003-121.zip,202302131028,西条市西田,甲754,,,西条市西田甲754,33.893552,133.15716
790,94122,38206-5003-121.zip,202302131028,西条市西田,甲755-1,,,西条市西田甲755-1,33.891799,133.156986
791,94123,38206-5003-121.zip,202302131028,西条市西田,甲755-2,,,西条市西田甲755-2,33.891852,133.156916
792,94124,38206-5003-121.zip,202302131028,西条市西田,甲757,,,西条市西田甲757,33.893552,133.15716
793,94125,38206-5003-121.zip,202302131028,西条市西田,甲758-1,,,西条市西田甲758-1,33.891578,133.156758
794,94126,38206-5003-121.zip,202302131028,西条市西田,甲758-2,,,西条市西田甲758-2,33.891546,133.156724
795,94127,38206-5003-121.zip,202302131028,西条市西田,甲759,,,西条市西田甲759,33.893552,133.15716
796,94128,38206-5003-121.zip,202302131028,西条市西田,甲760,,,西条市西田甲760,33.893552,133.15716
797,94129,38206-5003-121.zip,202302131028,西条市西田,甲761,,,西条市西田甲761,33.893552,133.15716
798,94130,38206-5003-121.zip,202302131028,西条市西田,甲762,,,西条市西田甲762,33.893552,133.15716
799,94131,38206-5003-121.zip,202302131028,西条市西田,甲764,,,西条市西田甲764,33.893552,133.15716
800,94132,38206-5003-121.zip,202302131028,西条市西田,甲768-1,,,西条市西田甲768-1,33.893552,133.15716
801,94133,38206-5003-121.zip,202302131028,西条市西田,甲768-2,,,西条市西田甲768-2,33.893552,133.15716
802,94134,38206-5003-121.zip,202302131028,西条市西田,甲771-1,,,西条市西田甲771-1,33.893552,133.15716
803,94135,38206-5003-121.zip,202302131028,西条市西田,甲772-1,,,西条市西田甲772-1,33.893552,133.15716
804,94136,38206-5003-121.zip,202302131028,西条市西田,甲772-2,,,西条市西田甲772-2,33.893552,133.15716
805,94137,38206-5003-121.zip,202302131028,西条市西田,甲773,,,西条市西田甲773,33.890483,133.155655
806,94138,38206-5003-121.zip,202302131028,西条市西田,甲774,,,西条市西田甲774,33.890526,133.155377
807,94139,38206-5003-121.zip,202302131028,西条市西田,甲775,,,西条市西田甲775,33.893552,133.15716
808,94140,38206-5003-121.zip,202302131028,西条市西田,甲776-1,,,西条市西田甲776-1,33.893552,133.15716
809,94141,38206-5003-121.zip,202302131028,西条市西田,甲776-2,,,西条市西田甲776-2,33.893552,133.15716
810,94142,38206-5003-121.zip,202302131028,西条市西田,甲777,,,西条市西田甲777,33.893552,133.15716
811,94143,38206-5003-121.zip,202302131028,西条市西田,甲778,,,西条市西田甲778,33.893552,133.15716
812,94144,38206-5003-121.zip,202302131028,西条市西田,甲779-1,,,西条市西田甲779-1,33.893552,133.15716
813,94145,38206-5003-121.zip,202302131028,西条市西田,甲779-2,,,西条市西田甲779-2,33.893552,133.15716
814,94146,38206-5003-121.zip,202302131028,西条市西田,甲780-1,,,西条市西田甲780-1,33.893552,133.15716
815,94147,38206-5003-121.zip,202302131028,西条市西田,甲780-2,,,西条市西田甲780-2,33.893552,133.15716
816,94148,38206-5003-121.zip,202302131028,西条市西田,甲781,,,西条市西田甲781,33.893552,133.15716
817,94149,38206-5003-121.zip,202302131028,西条市西田,甲782,,,西条市西田甲782,33.893552,133.15716
818,94150,38206-5003-121.zip,202302131028,西条市西田,甲783,,,西条市西田甲783,33.893552,133.15716
819,94151,38206-5003-121.zip,202302131028,西条市西田,甲785-1,,,西条市西田甲785-1,33.893552,133.15716
820,94152,38206-5003-121.zip,202302131028,西条市西田,甲785-2,,,西条市西田甲785-2,33.893552,133.15716
821,94153,38206-5003-121.zip,202302131028,西条市西田,甲786,,,西条市西田甲786,33.893552,133.15716
822,94154,38206-5003-121.zip,202302131028,西条市西田,甲787-2,,,西条市西田甲787-2,33.893552,133.15716
823,94155,38206-5003-121.zip,202302131028,西条市西田,甲787-3,,,西条市西田甲787-3,33.893552,133.15716
824,94156,38206-5003-121.zip,202302131028,西条市西田,甲788-1,,,西条市西田甲788-1,33.893552,133.15716
825,94157,38206-5003-121.zip,202302131028,西条市西田,甲788-2,,,西条市西田甲788-2,33.893552,133.15716
826,94158,38206-5003-121.zip,202302131028,西条市西田,甲789-1,,,西条市西田甲789-1,33.890506,133.155465
827,94159,38206-5003-121.zip,202302131028,西条市西田,甲789-2,,,西条市西田甲789-2,33.890506,133.155465
828,94160,38206-5003-121.zip,202302131028,西条市西田,甲790-3,,,西条市西田甲790-3,33.893552,133.15716
829,94161,38206-5003-121.zip,202302131028,西条市西田,甲790-5,,,西条市西田甲790-5,33.893552,133.15716
830,94162,38206-5003-121.zip,202302131028,西条市西田,甲791,,,西条市西田甲791,33.893552,133.15716
831,94163,38206-5003-121.zip,202302131028,西条市西田,甲792-1,,,西条市西田甲792-1,33.890344,133.155509
832,94164,38206-5003-121.zip,202302131028,西条市西田,甲792-2,,,西条市西田甲792-2,33.89034,133.155525
833,94165,38206-5003-121.zip,202302131028,西条市西田,甲795-1,,,西条市西田甲795-1,33.890041,133.155739
834,94166,38206-5003-121.zip,202302131028,西条市西田,甲795-2,,,西条市西田甲795-2,33.889827,133.155333
835,101249,38206-5003-121.zip,202302131028,西条市西田,甲596-5,,,西条市西田甲596-5,33.893552,133.15716
836,101250,38206-5003-121.zip,202302131028,西条市西田,甲596-1,,,西条市西田甲596-1,33.893552,133.15716
837,101252,38206-5003-121.zip,202302131028,西条市西田,甲596-4,,,西条市西田甲596-4,33.893552,133.15716
838,101275,38206-5003-121.zip,202302131028,西条市西田,甲589-2,,,西条市西田甲589-2,33.893552,133.15716
839,101276,38206-5003-121.zip,202302131028,西条市西田,甲589-9,,,西条市西田甲589-9,33.893552,133.15716
840,101277,38206-5003-121.zip,202302131028,西条市西田,甲590-1,,,西条市西田甲590-1,33.894459,133.153598
841,101278,38206-5003-121.zip,202302131028,西条市西田,甲590-8,,,西条市西田甲590-8,33.894942,133.153769
842,101279,38206-5003-121.zip,202302131028,西条市西田,甲589-6,,,西条市西田甲589-6,33.893552,133.15716
843,101344,38206-5003-121.zip,202302131028,西条市西田,甲421-1,,,西条市西田甲421-1,0.0,0.0
844,101345,38206-5003-121.zip,202302131028,西条市西田,甲421-3,,,西条市西田甲421-3,33.894964,133.157886
845,101392,38206-5003-121.zip,202302131028,西条市西田,甲424-4,,,西条市西田甲424-4,33.893552,133.15716
846,101393,38206-5003-121.zip,202302131028,西条市西田,甲450-3,,,西条市西田甲450-3,33.894325,133.157441
847,101395,38206-5003-121.zip,202302131028,西条市西田,甲450-2,,,西条市西田甲450-2,33.894325,133.157441
848,101396,38206-5003-121.zip,202302131028,西条市西田,甲424-1,,,西条市西田甲424-1,33.893552,133.15716
849,101397,38206-5003-121.zip,202302131028,西条市西田,甲538-10,,,西条市西田甲538-10,33.894387,133.156894
850,101398,38206-5003-121.zip,202302131028,西条市西田,甲538-8,,,西条市西田甲538-8,33.894387,133.156894
851,101399,38206-5003-121.zip,202302131028,西条市西田,甲538-6,,,西条市西田甲538-6,33.894387,133.156894
852,101948,38206-5003-121.zip,202302131028,西条市西田,甲358-11,,,西条市西田甲358-11,33.893552,133.15716
853,101949,38206-5003-121.zip,202302131028,西条市西田,甲358-3,,,西条市西田甲358-3,33.893552,133.15716
854,101950,38206-5003-121.zip,202302131028,西条市西田,甲358-8,,,西条市西田甲358-8,33.893552,133.15716
855,101972,38206-5003-121.zip,202302131028,西条市西田,甲534-11,,,西条市西田甲534-11,33.893922,133.157251
856,101973,38206-5003-121.zip,202302131028,西条市西田,甲534-1,,,西条市西田甲534-1,33.893922,133.157251
857,101974,38206-5003-121.zip,202302131028,西条市西田,甲534-10,,,西条市西田甲534-10,33.893922,133.157251
858,101975,38206-5003-121.zip,202302131028,西条市西田,甲535,,,西条市西田甲535,33.894051,133.157159
859,101976,38206-5003-121.zip,202302131028,西条市西田,甲534-6,,,西条市西田甲534-6,33.893896,133.157232
860,101977,38206-5003-121.zip,202302131028,西条市西田,甲530-8,,,西条市西田甲530-8,33.893867,133.15668
861,102152,38206-5003-121.zip,202302131028,西条市西田,甲442-4,,,西条市西田甲442-4,33.893552,133.15716
862,102153,38206-5003-121.zip,202302131028,西条市西田,甲442-1,,,西条市西田甲442-1,33.893552,133.15716
863,102154,38206-5003-121.zip,202302131028,西条市西田,甲442-2,,,西条市西田甲442-2,33.893552,133.15716
864,102155,38206-5003-121.zip,202302131028,西条市西田,甲461-1,,,西条市西田甲461-1,33.893902,133.158197
865,102156,38206-5003-121.zip,202302131028,西条市西田,甲461-2,,,西条市西田甲461-2,33.893902,133.158197
866,102157,38206-5003-121.zip,202302131028,西条市西田,甲463-2,,,西条市西田甲463-2,33.893762,133.158285
867,102158,38206-5003-121.zip,202302131028,西条市西田,甲463-1,,,西条市西田甲463-1,33.893762,133.158285
868,102214,38206-5003-121.zip,202302131028,西条市西田,甲774-2,,,西条市西田甲774-2,33.890526,133.155377
869,102215,38206-5003-121.zip,202302131028,西条市西田,甲449-12,,,西条市西田甲449-12,33.894151,133.157508
870,102216,38206-5003-121.zip,202302131028,西条市西田,甲449-1,,,西条市西田甲449-1,33.894132,133.157667
871,102217,38206-5003-121.zip,202302131028,西条市西田,甲449-11,,,西条市西田甲449-11,33.894151,133.157508
872,102219,38206-5003-121.zip,202302131028,西条市西田,甲449-14,,,西条市西田甲449-14,33.894151,133.157508
873,102220,38206-5003-121.zip,202302131028,西条市西田,甲449-15,,,西条市西田甲449-15,33.894151,133.157508
874,102221,38206-5003-121.zip,202302131028,西条市西田,甲449-2,,,西条市西田甲449-2,33.893977,133.15743
875,102222,38206-5003-121.zip,202302131028,西条市西田,甲450-1,,,西条市西田甲450-1,33.894325,133.157441
876,102223,38206-5003-121.zip,202302131028,西条市西田,甲449-7,,,西条市西田甲449-7,33.894151,133.157508
877,102224,38206-5003-121.zip,202302131028,西条市西田,甲449-16,,,西条市西田甲449-16,0.0,0.0
878,102225,38206-5003-121.zip,202302131028,西条市西田,甲449-6,,,西条市西田甲449-6,33.894151,133.157508
879,102226,38206-5003-121.zip,202302131028,西条市西田,甲449-13,,,西条市西田甲449-13,33.894072,133.157503
880,102276,38206-5003-121.zip,202302131028,西条市西田,甲412-1,,,西条市西田甲412-1,33.893552,133.15716
881,102277,38206-5003-121.zip,202302131028,西条市西田,甲412-2,,,西条市西田甲412-2,33.893552,133.15716
882,102278,38206-5003-121.zip,202302131028,西条市西田,甲413-1,,,西条市西田甲413-1,33.895328,133.157036
883,102314,38206-5003-121.zip,202302131028,西条市西田,甲525-1,,,西条市西田甲525-1,33.893552,133.15716
884,102315,38206-5003-121.zip,202302131028,西条市西田,甲525-2,,,西条市西田甲525-2,33.893552,133.15716
885,102316,38206-5003-121.zip,202302131028,西条市西田,甲557-3,,,西条市西田甲557-3,33.893552,133.15716
886,102317,38206-5003-121.zip,202302131028,西条市西田,甲557-9,,,西条市西田甲557-9,33.893552,133.15716
887,102319,38206-5003-121.zip,202302131028,西条市西田,甲524,,,西条市西田甲524,33.893552,133.15716
888,102321,38206-5003-121.zip,202302131028,西条市西田,甲527-3,,,西条市西田甲527-3,33.893544,133.156035
889,102343,38206-5003-121.zip,202302131028,西条市西田,甲599-3,,,西条市西田甲599-3,33.892972,133.153218
890,102367,38206-5003-121.zip,202302131028,西条市西田,甲599-4,,,西条市西田甲599-4,33.892866,133.153115
891,102368,38206-5003-121.zip,202302131028,西条市西田,甲599-1,,,西条市西田甲599-1,33.892972,133.153218
892,102369,38206-5003-121.zip,202302131028,西条市西田,甲599-5,,,西条市西田甲599-5,33.892972,133.153218
893,102376,38206-5003-121.zip,202302131028,西条市西田,甲565-1,,,西条市西田甲565-1,33.894989,133.155282
894,102462,38206-5003-121.zip,202302131028,西条市西田,甲599-6,,,西条市西田甲599-6,33.892972,133.153218
895,102463,38206-5003-121.zip,202302131028,西条市西田,甲599-2,,,西条市西田甲599-2,33.892999,133.153238
896,102464,38206-5003-121.zip,202302131028,西条市西田,甲599-7,,,西条市西田甲599-7,33.892972,133.153218
897,102465,38206-5003-121.zip,202302131028,西条市西田,甲601-1,,,西条市西田甲601-1,33.893552,133.15716
898,344879,38206-5003-162.zip,202302131028,西条市西田,甲797-1,,,西条市西田甲797-1,33.88945,133.155835
899,344880,38206-5003-162.zip,202302131028,西条市西田,甲797-2,,,西条市西田甲797-2,33.88945,133.155835
